Date,Year,Month,Day,Weekday,Week_Number,Year_Week,Open,High,Low,Close,Volume,Return,Short_MA,Long_MA
2021-01-04,2021,1,4,Monday,01,2021-01,272.39,272.61,262.89,266.6,15106100,0.0,266.6,266.6
2021-01-05,2021,1,5,Tuesday,01,2021-01,265.95,270.03,265.88,268.61,9871600,0.0075479240175495566,267.605,267.605
2021-01-06,2021,1,6,Wednesday,01,2021-01,259.72,265.42,257.75,261.02,24354100,-0.028268716235791302,265.41,265.41
2021-01-07,2021,1,7,Thursday,01,2021-01,263.59,269.25,262.48,266.4,15789800,0.020622041327327922,265.6575,265.6575
2021-01-08,2021,1,8,Friday,01,2021-01,265.97,266.61,260.89,265.24,18528300,-0.004353556836690253,265.57399999999996,265.57399999999996
2021-01-11,2021,1,11,Monday,02,2021-02,258.21,261.18,253.67,254.6,30412300,-0.040101663596585624,263.745,263.745
2021-01-12,2021,1,12,Tuesday,02,2021-02,254.4,257.46,248.12,248.9,26383500,-0.022387499745291528,261.6242857142857,261.6242857142857
2021-01-13,2021,1,13,Wednesday,02,2021-02,249.36,251.74,247.03,249.45,19528900,0.0021903867218793227,260.1025,260.1025
2021-01-14,2021,1,14,Thursday,02,2021-02,251.19,252.81,242.48,243.5,29739400,-0.02384352551805069,258.2577777777778,258.2577777777778
2021-01-15,2021,1,15,Friday,02,2021-02,245.74,251.65,245.01,249.17,24942900,0.02328606754953566,257.349,257.349
2021-01-19,2021,1,19,Tuesday,03,2021-03,254.66,259.92,250.52,258.83,28028500,0.038749206355427335,257.4836363636363,257.4836363636363
2021-01-20,2021,1,20,Wednesday,03,2021-03,266.59,267.97,261.31,265.15,25199900,0.024434970993648886,258.1225,258.1225
2021-01-21,2021,1,21,Thursday,03,2021-03,266.92,271.22,265.16,270.49,20838700,0.020151154084975698,259.07384615384615,259.07384615384615
2021-01-22,2021,1,22,Friday,03,2021-03,269.64,276.05,269.63,272.11,21954000,0.005973440943872754,260.005,260.005
2021-01-25,2021,1,25,Monday,04,2021-04,275.72,277.66,269.15,275.59,19087000,0.012787060055084343,260.64714285714285,261.044
2021-01-26,2021,1,26,Tuesday,04,2021-04,275.72,282.91,275.39,279.59,19373600,0.014531815962075312,261.43142857142857,262.203125
2021-01-27,2021,1,27,Wednesday,04,2021-04,280.07,280.98,265.79,269.77,35346200,-0.03513549798292026,262.05642857142857,262.6482352941176
2021-01-28,2021,1,28,Thursday,04,2021-04,274.77,284.29,262.4,262.69,37758800,-0.026236623510991208,261.7914285714286,262.65055555555557
2021-01-29,2021,1,29,Friday,04,2021-04,262.99,264.24,252.63,256.08,30389500,-0.025169817269635963,261.13714285714286,262.3047368421053
2021-02-01,2021,2,1,Monday,05,2021-05,257.26,261.87,252.69,259.73,22914300,0.014245401976745065,261.50357142857143,262.176
2021-02-02,2021,2,2,Tuesday,05,2021-05,261.7,266.51,260.98,264.76,17320800,0.019350223703841873,262.63642857142855,262.2990476190476
2021-02-03,2021,2,3,Wednesday,05,2021-05,263.31,266.86,261.54,264.33,14223400,-0.0016100527785628538,263.6992857142857,262.3913636363636
2021-02-04,2021,2,4,Thursday,05,2021-05,264.69,265.83,261.7,264.17,16060000,-0.0005998944296639053,265.17571428571426,262.4686956521739
2021-02-05,2021,2,5,Friday,05,2021-05,264.48,266.83,263.36,265.77,12454400,0.006041707292052667,266.3614285714286,262.60625
2021-02-08,2021,2,8,Monday,06,2021-06,266.41,267.51,262.69,264.26,13755200,-0.0056697800927746345,266.7492857142857,262.6724
2021-02-09,2021,2,9,Tuesday,06,2021-06,264.12,271.01,263.44,267.1,14613400,0.010766058172929638,266.8885714285714,262.8426923076923
2021-02-10,2021,2,10,Wednesday,06,2021-06,270.08,271.42,265.39,269.5,14687200,0.008981228970952992,266.8178571428571,263.0892592592593
2021-02-11,2021,2,11,Thursday,06,2021-06,269.52,271.2,266.15,268.04,12828600,-0.005443725204773764,266.52714285714285,263.2660714285714
2021-02-12,2021,2,12,Friday,06,2021-06,268.17,268.82,266.0,268.15,9097600,0.00040680809804283236,265.9957142857143,263.4344827586207
2021-02-16,2021,2,16,Tuesday,07,2021-07,268.44,274.19,267.7,271.59,15417200,0.012827965908025263,265.4242857142857,263.7063333333333
2021-02-17,2021,2,17,Wednesday,07,2021-07,268.88,271.59,267.23,271.19,12763200,-0.0014600028002208498,265.5257142857143,263.94774193548386
2021-02-18,2021,2,18,Thursday,07,2021-07,267.22,269.58,263.71,267.04,15249100,-0.01527946654993273,265.8364285714286,264.044375
2021-02-19,2021,2,19,Friday,07,2021-07,267.51,267.92,257.89,259.28,25622600,-0.029065563708334352,266.065,263.90000000000003
2021-02-22,2021,2,22,Monday,08,2021-08,255.7,260.78,255.29,258.06,17434900,-0.0047024618570116195,265.94571428571425,263.72823529411767
2021-02-23,2021,2,23,Tuesday,08,2021-08,257.24,265.13,252.74,263.55,21924600,0.021242077591268504,265.8592857142857,263.7231428571428
2021-02-24,2021,2,24,Wednesday,08,2021-08,260.05,264.06,256.14,262.01,15736100,-0.005829990586928013,265.69357142857143,263.67555555555555
2021-02-25,2021,2,25,Thursday,08,2021-08,260.02,264.62,251.83,252.47,19053100,-0.036396705800792906,264.85785714285714,263.37270270270267
2021-02-26,2021,2,26,Friday,08,2021-08,254.24,263.24,254.24,255.38,26619500,0.011504186826799767,264.11571428571426,263.16236842105263
2021-03-01,2021,3,1,Monday,09,2021-09,258.55,264.33,255.65,262.6,22157300,0.028297702040317896,263.9971428571429,263.14794871794874
2021-03-02,2021,3,2,Tuesday,09,2021-09,263.47,264.39,256.4,256.75,15191700,-0.022309569300757115,263.2578571428572,262.988
2021-03-03,2021,3,3,Wednesday,09,2021-09,258.02,258.72,252.88,253.19,15513500,-0.013861053439348181,262.09285714285716,262.7490243902439
2021-03-04,2021,3,4,Thursday,09,2021-09,254.24,264.17,251.29,255.4,31626500,0.008731236408670018,261.19,262.57404761904763
2021-03-05,2021,3,5,Friday,09,2021-09,258.4,263.14,253.38,261.98,26820100,0.025772275367336617,260.7492857142857,262.56023255813955
2021-03-08,2021,3,8,Monday,10,2021-10,263.24,263.27,252.83,253.09,18391800,-0.03394135645209728,259.42785714285714,262.345
2021-03-09,2021,3,9,Tuesday,10,2021-10,258.91,266.19,257.55,263.43,22039700,0.040852286779086144,258.87357142857144,262.3691111111111
2021-03-10,2021,3,10,Wednesday,10,2021-10,266.3,266.63,260.58,262.59,14210300,-0.0031611570295805302,258.5557142857143,262.3739130434783
2021-03-11,2021,3,11,Thursday,10,2021-10,265.78,275.48,265.49,271.5,21834000,0.03389992816698917,259.42857142857144,262.56808510638297
2021-03-12,2021,3,12,Friday,10,2021-10,266.8,267.39,261.72,266.06,20600200,-0.020008819320494142,260.0,262.6408333333333
2021-03-15,2021,3,15,Monday,11,2021-11,266.74,273.56,266.16,271.37,16844800,0.019932737434550596,260.5585714285714,262.8189795918367
2021-03-16,2021,3,16,Tuesday,11,2021-11,273.68,279.68,272.41,276.85,22437700,0.020201071686583916,261.61857142857144,263.0996
2021-03-17,2021,3,17,Wednesday,11,2021-11,273.31,283.74,273.01,281.54,21315000,0.016936472135631986,263.695,263.3984
2021-03-18,2021,3,18,Thursday,11,2021-11,277.43,282.71,275.86,276.19,18728300,-0.018978308537913713,265.1814285714286,263.55
2021-03-19,2021,3,19,Friday,11,2021-11,278.77,290.25,278.75,287.58,38930500,0.041238874456042796,266.9657142857143,264.08119999999997
2021-03-22,2021,3,22,Monday,12,2021-12,287.92,297.1,284.25,290.98,28273100,0.01182312011265374,269.4107142857143,264.57280000000003
2021-03-23,2021,3,23,Tuesday,12,2021-12,290.6,295.41,287.29,288.1,23000900,-0.009913491220647885,271.9042857142857,265.03
2021-03-24,2021,3,24,Wednesday,12,2021-12,288.47,289.18,278.71,279.68,18675000,-0.02921234460901856,273.6385714285715,265.5316
2021-03-25,2021,3,25,Thursday,12,2021-12,278.53,285.55,275.33,276.31,24505600,-0.012050716866038869,274.66214285714284,266.0798
2021-03-26,2021,3,26,Friday,12,2021-12,275.88,282.02,275.35,280.56,17629200,0.015354681264317938,276.62428571428575,266.702
2021-03-29,2021,3,29,Monday,13,2021-13,283.28,290.63,282.22,288.29,21718800,0.02755995229987329,278.40000000000003,267.5978
2021-03-30,2021,3,30,Tuesday,13,2021-13,287.31,289.92,284.2,285.49,17474500,-0.009696788263077405,280.0357142857143,268.3242
2021-03-31,2021,3,31,Wednesday,13,2021-13,287.47,293.92,286.1,291.97,19498200,0.022673682214414903,281.4978571428572,268.987
2021-04-01,2021,4,1,Thursday,13,2021-13,295.8,299.77,294.02,296.06,17616000,0.014022366549515608,283.6407142857143,269.6052
2021-04-05,2021,4,5,Monday,14,2021-14,298.27,308.06,298.06,306.22,28237000,0.034319840499694054,286.13000000000005,270.31980000000004
2021-04-06,2021,4,6,Tuesday,14,2021-14,306.15,308.64,302.59,303.59,17335200,-0.008578223872349189,288.04,270.9494
2021-04-07,2021,4,7,Wednesday,14,2021-14,303.67,311.51,302.84,310.36,22855200,0.02230118929423086,290.09857142857146,271.6448
2021-04-08,2021,4,8,Thursday,14,2021-14,312.11,313.13,307.35,310.3,20894100,-0.00022349994223225256,292.53499999999997,272.259
2021-04-09,2021,4,9,Friday,14,2021-14,308.69,312.0,307.63,309.74,15988600,-0.0017891860462371234,294.11785714285713,273.0584
2021-04-12,2021,4,12,Monday,15,2021-15,308.34,309.43,305.25,308.83,10881900,-0.002944265564221449,295.39285714285717,273.9812
2021-04-13,2021,4,13,Tuesday,15,2021-15,309.49,311.69,306.63,307.06,14036900,-0.005713522279416572,296.7471428571429,275.0008
2021-04-14,2021,4,14,Wednesday,15,2021-15,304.62,305.35,299.32,300.18,17421400,-0.02240451018092282,298.2114285714286,275.8098
2021-04-15,2021,4,15,Thursday,15,2021-15,303.67,307.44,301.45,305.14,14558300,0.016511483285546635,300.2707142857143,276.6174
2021-04-16,2021,4,16,Friday,15,2021-15,305.49,306.26,301.96,303.51,13059200,-0.005327817494047538,301.90999999999997,277.401
2021-04-19,2021,4,19,Monday,16,2021-16,302.35,305.02,297.94,299.61,14553500,-0.0128683436814927,302.71857142857147,278.1098
2021-04-20,2021,4,20,Tuesday,16,2021-16,299.36,302.44,294.62,300.02,16796400,0.001356545285164712,303.75642857142856,278.7948
2021-04-21,2021,4,21,Wednesday,16,2021-16,299.32,299.35,294.8,298.85,14863500,-0.003898929335491408,304.2478571428572,279.4866
2021-04-22,2021,4,22,Thursday,16,2021-16,298.71,300.28,293.46,293.94,16375400,-0.016419584881360083,304.0964285714286,280.0234
2021-04-23,2021,4,23,Friday,16,2021-16,296.16,299.96,294.56,298.51,17536800,0.01554737938475359,303.54571428571427,280.60360000000003
2021-04-26,2021,4,26,Monday,17,2021-17,300.7,303.14,298.93,300.4,16172600,0.0063426663284784635,303.3178571428571,281.25079999999997
2021-04-27,2021,4,27,Tuesday,17,2021-17,301.63,302.68,298.49,300.93,15309300,0.001748856665272136,302.6442857142857,281.9064
2021-04-28,2021,4,28,Wednesday,17,2021-17,304.68,308.21,302.71,304.43,33907200,0.01162817701504415,302.22499999999997,282.5632
2021-04-29,2021,4,29,Thursday,17,2021-17,327.25,328.92,318.81,326.64,56526800,0.07297303420436485,303.4321428571429,283.67220000000003
2021-04-30,2021,4,30,Friday,17,2021-17,323.3,326.95,321.68,322.25,26332400,-0.013444337406715356,304.3907142857143,284.77639999999997
2021-05-03,2021,5,3,Monday,18,2021-18,323.33,325.69,319.04,319.77,18719500,-0.007690238099544722,305.29857142857145,285.98620000000005
2021-05-04,2021,5,4,Tuesday,18,2021-18,317.23,319.39,310.39,315.59,24032600,-0.013082196840208393,306.3992857142857,287.1368
2021-05-05,2021,5,5,Wednesday,18,2021-18,315.42,318.27,311.75,312.28,15577600,-0.01049123182622691,306.90928571428566,288.1114
2021-05-06,2021,5,6,Thursday,18,2021-18,311.78,317.45,310.54,317.23,19012200,0.015872033961661147,307.8892857142857,289.2158
2021-05-07,2021,5,7,Friday,18,2021-18,319.57,320.13,315.98,316.3,15916700,-0.002937337285568997,309.0814285714286,290.49240000000003
2021-05-10,2021,5,10,Monday,19,2021-19,311.61,311.84,302.18,303.31,24239200,-0.04108669948029808,309.3164285714286,291.45099999999996
2021-05-11,2021,5,11,Tuesday,19,2021-19,298.13,304.17,297.08,303.86,18920100,0.0018303110210662332,309.67428571428576,292.2762
2021-05-12,2021,5,12,Wednesday,19,2021-19,298.51,302.31,295.59,299.92,24645500,-0.012984010447387506,310.1014285714286,293.1396
2021-05-13,2021,5,13,Thursday,19,2021-19,303.42,306.17,300.13,302.6,18079200,0.008956966145952538,310.3935714285714,294.12780000000004
2021-05-14,2021,5,14,Friday,19,2021-19,306.85,314.09,306.39,313.19,19245700,0.034986592957177765,311.3071428571429,295.2836
2021-05-17,2021,5,17,Monday,20,2021-20,310.82,312.93,308.87,312.71,15401300,-0.001519108218190346,312.1485714285714,296.2982
2021-05-18,2021,5,18,Tuesday,20,2021-20,312.84,313.74,307.11,307.26,14522400,-0.01743493955797837,312.3507142857143,297.3816
2021-05-19,2021,5,19,Wednesday,20,2021-20,301.54,311.92,300.93,310.86,19106200,0.011711149607969595,311.22357142857146,298.3302
2021-05-20,2021,5,20,Thursday,20,2021-20,310.85,316.47,310.43,315.84,17320200,0.016008123094370497,310.76571428571424,299.3952
2021-05-21,2021,5,21,Friday,20,2021-20,316.51,317.14,313.06,313.48,13600900,-0.007469856258313978,310.3164285714286,300.2348
2021-05-24,2021,5,24,Monday,21,2021-21,315.44,323.11,315.26,321.8,16445400,0.026562932455064026,310.76000000000005,301.3496
2021-05-25,2021,5,25,Tuesday,21,2021-21,324.23,326.31,321.97,324.94,16437000,0.009734016786920874,311.6642857142857,302.42100000000005
2021-05-26,2021,5,26,Wednesday,21,2021-21,325.49,326.96,322.98,324.81,9686900,-0.00039671209821634523,312.2057142857143,303.3802
2021-05-27,2021,5,27,Thursday,21,2021-21,325.14,330.87,323.92,329.85,20477700,0.015534567487364814,313.17357142857145,304.3464
2021-05-28,2021,5,28,Friday,21,2021-21,328.12,329.97,325.47,325.87,12037400,-0.012080988950038507,314.78499999999997,305.34
2021-06-01,2021,6,1,Tuesday,22,2021-22,327.28,328.53,323.8,326.26,11765900,0.001216700867648468,316.38499999999993,306.1136
2021-06-02,2021,6,2,Wednesday,22,2021-22,327.5,328.98,324.27,326.28,11654300,6.070499356103376e-05,318.26785714285717,306.8196
2021-06-03,2021,6,3,Thursday,22,2021-22,322.94,324.53,320.66,323.2,12610800,-0.009448546849017525,319.73928571428576,307.5216
2021-06-04,2021,6,4,Friday,22,2021-22,323.06,329.57,322.35,327.47,13289400,0.013219269478171203,320.7592857142857,308.4774
2021-06-07,2021,6,7,Monday,23,2021-23,326.61,334.75,326.07,333.65,20136700,0.018858642376431645,322.25500000000005,309.6242
2021-06-08,2021,6,8,Tuesday,23,2021-23,333.77,335.36,329.35,330.78,14580500,-0.008616082457555518,323.935,310.6286
2021-06-09,2021,6,9,Wednesday,23,2021-23,332.82,333.87,327.13,327.38,13727900,-0.010279325939124728,325.11499999999995,311.4104
2021-06-10,2021,6,10,Thursday,23,2021-23,327.91,331.03,325.69,329.57,13240200,0.006692005454802974,326.0957142857143,312.292
2021-06-11,2021,6,11,Friday,23,2021-23,329.68,329.93,326.07,328.38,13587900,-0.00360942901868333,327.15999999999997,313.0202
2021-06-14,2021,6,14,Monday,24,2021-24,329.01,333.89,326.94,333.84,12250800,0.016633371238325978,328.02,313.7758
2021-06-15,2021,6,15,Tuesday,24,2021-24,334.06,336.96,332.11,333.82,15795200,-5.932784025175497e-05,328.6542857142857,314.32779999999997
2021-06-16,2021,6,16,Wednesday,24,2021-24,333.77,334.61,325.86,328.2,17232200,-0.016837398978988616,328.89642857142854,314.81999999999994
2021-06-17,2021,6,17,Thursday,24,2021-24,327.61,335.04,327.28,333.58,17794100,0.016400838764526693,329.1628571428572,315.2844
2021-06-18,2021,6,18,Friday,24,2021-24,331.62,333.22,326.14,326.79,23039500,-0.02035593100943478,329.2285714285714,315.6142
2021-06-21,2021,6,21,Monday,25,2021-25,328.21,330.02,324.8,329.4,11337500,0.007977763715948827,329.45285714285717,316.00739999999996
2021-06-22,2021,6,22,Tuesday,25,2021-25,329.79,336.96,329.7,336.08,15345300,0.020283513741174097,330.1528571428571,316.5524
2021-06-23,2021,6,23,Wednesday,25,2021-25,336.4,340.43,335.26,337.63,14817800,0.004601627259474661,331.1835714285714,317.16380000000004
2021-06-24,2021,6,24,Thursday,25,2021-25,338.87,341.9,338.81,340.19,12329100,0.007604239674556368,332.09214285714285,317.964
2021-06-25,2021,6,25,Friday,25,2021-25,339.61,341.12,336.72,338.4,14594400,-0.005274130449798742,332.43142857142857,318.6292
2021-06-28,2021,6,28,Monday,26,2021-26,339.48,355.02,338.79,352.54,29156100,0.041801981614151495,333.9857142857143,319.6098
2021-06-29,2021,6,29,Tuesday,26,2021-26,353.17,353.63,346.01,348.83,21417300,-0.010544085073584508,335.51785714285717,320.5942
2021-06-30,2021,6,30,Wednesday,26,2021-26,349.1,349.85,344.15,344.68,15107500,-0.011878894071287505,336.5971428571429,321.4874
2021-07-01,2021,7,1,Thursday,26,2021-26,343.8,351.58,343.48,351.31,17137000,0.01921160925282983,338.235,322.5366
2021-07-02,2021,7,2,Friday,26,2021-26,352.01,353.34,349.55,351.61,11521300,0.0008745987947424982,339.5042857142857,323.69
2021-07-06,2021,7,6,Tuesday,27,2021-27,353.4,355.67,346.14,349.71,13488500,-0.005412948443415,340.6392857142857,324.714
2021-07-07,2021,7,7,Wednesday,27,2021-27,352.17,353.39,346.95,347.44,14218900,-0.006491427985003573,342.0135714285715,325.6548
2021-07-08,2021,7,8,Thursday,27,2021-27,342.72,345.3,339.58,342.64,14406500,-0.013809193756033733,342.6607142857143,326.489
2021-07-09,2021,7,9,Friday,27,2021-27,342.31,347.66,342.26,347.37,13018700,0.013800111385601888,344.1307142857143,327.3478
2021-07-12,2021,7,12,Monday,28,2021-28,348.17,351.11,346.6,350.09,10018600,0.007819211171852913,345.6085714285714,327.8168
2021-07-13,2021,7,13,Tuesday,28,2021-28,348.44,355.37,345.76,349.02,11456000,-0.003029914984027049,346.53285714285715,328.35220000000004
2021-07-14,2021,7,14,Wednesday,28,2021-28,351.47,352.11,343.71,344.6,13894200,-0.012667298017609907,347.0307142857143,328.8488
2021-07-15,2021,7,15,Thursday,28,2021-28,346.19,346.19,337.26,341.46,14781600,-0.00911868665690696,347.12142857142857,329.36619999999994
2021-07-16,2021,7,16,Friday,28,2021-28,341.91,342.98,337.18,338.19,11026100,-0.00958029437638308,347.1064285714286,329.8844
2021-07-19,2021,7,19,Monday,29,2021-29,334.63,336.83,331.63,334.02,14372300,-0.012340126594786116,345.7835714285714,330.2202
2021-07-20,2021,7,20,Tuesday,29,2021-29,335.85,340.46,331.59,338.69,11024300,0.013978173174683972,345.0592857142857,330.668
2021-07-21,2021,7,21,Wednesday,29,2021-29,338.53,343.5,338.28,343.22,9279700,0.013375946201749311,344.955,331.4662
2021-07-22,2021,7,22,Thursday,29,2021-29,343.66,348.48,342.2,348.13,12385400,0.01432569750792756,344.7278571428571,332.35159999999996
2021-07-23,2021,7,23,Friday,29,2021-29,357.77,372.06,354.08,366.57,33694300,0.05296285806229295,345.79642857142863,333.6846
2021-07-26,2021,7,26,Monday,30,2021-30,366.36,371.18,365.01,369.22,14925200,0.007220235240405826,347.19,335.017
2021-07-27,2021,7,27,Tuesday,30,2021-30,368.67,369.9,361.38,364.61,15705400,-0.012484579731826817,348.4164285714286,336.04540000000003
2021-07-28,2021,7,28,Wednesday,30,2021-30,371.3,374.26,363.74,370.03,29676900,0.014871839082383875,350.3728571428572,337.19179999999994
2021-07-29,2021,7,29,Thursday,30,2021-30,357.86,362.34,353.63,355.2,33413200,-0.040077158563090465,350.9321428571428,338.1506
2021-07-30,2021,7,30,Friday,30,2021-30,350.92,357.59,349.87,353.2,15976200,-0.005637405740024359,351.1542857142857,338.99739999999997
2021-08-02,2021,8,2,Monday,31,2021-31,354.98,356.27,347.69,348.89,13180400,-0.01220881585373057,351.145,339.6584
2021-08-03,2021,8,3,Tuesday,31,2021-31,349.66,350.69,344.67,348.18,12406100,-0.002017353632303709,351.40071428571434,340.3524
2021-08-04,2021,8,4,Wednesday,31,2021-31,349.35,357.34,348.45,355.8,14180600,0.021865521115734143,352.42500000000007,341.0324
2021-08-05,2021,8,5,Thursday,31,2021-31,356.51,360.73,353.79,359.81,10247200,0.011283752662172741,353.9692857142857,341.7298
2021-08-06,2021,8,6,Friday,31,2021-31,358.25,361.97,358.25,360.35,8925000,0.001487668130247144,355.85,342.44059999999996
2021-08-09,2021,8,9,Monday,32,2021-32,360.59,362.6,357.61,358.46,7798900,-0.005226797463779076,357.26214285714286,343.0128000000001
2021-08-10,2021,8,10,Tuesday,32,2021-32,358.68,360.93,355.91,357.99,7469900,-0.0013274207827679296,358.3171428571428,343.6552
2021-08-11,2021,8,11,Wednesday,32,2021-32,358.95,359.21,354.7,356.83,8400300,-0.0032397609819534434,358.93857142857144,344.26660000000004
2021-08-12,2021,8,12,Thursday,32,2021-32,355.33,359.84,354.0,359.49,7170700,0.007473001262092049,358.43285714285713,344.93080000000003
2021-08-13,2021,8,13,Friday,32,2021-32,359.81,361.49,358.33,360.02,7195700,0.001461561244866072,357.77571428571434,345.66720000000004
2021-08-16,2021,8,16,Monday,33,2021-33,359.36,363.76,354.27,363.37,11222100,0.009306705062589238,357.6871428571429,346.38519999999994
2021-08-17,2021,8,17,Tuesday,33,2021-33,359.82,361.5,351.98,355.33,12328700,-0.022124691291873444,356.63714285714286,346.81879999999995
2021-08-18,2021,8,18,Wednesday,33,2021-33,353.15,356.73,352.06,352.36,10042400,-0.008369260567450798,356.4342857142857,347.2504
2021-08-19,2021,8,19,Thursday,33,2021-33,348.29,354.46,347.94,352.03,12004500,-0.0009285470849416111,356.3507142857143,347.74339999999995
2021-08-20,2021,8,20,Friday,33,2021-33,351.51,356.86,350.23,356.24,8697700,0.011967812814849488,356.8757142857143,348.2768
2021-08-23,2021,8,23,Monday,34,2021-34,356.31,362.51,355.97,360.19,10942000,0.011074992679892537,357.7335714285714,348.913
2021-08-24,2021,8,24,Tuesday,34,2021-34,360.49,364.76,358.69,362.33,9235100,0.00594470306901651,358.19999999999993,349.4828
2021-08-25,2021,8,25,Wednesday,34,2021-34,362.42,367.63,362.22,365.18,9684500,0.007879542189434874,358.5835714285714,350.11
2021-08-26,2021,8,26,Thursday,34,2021-34,365.17,366.22,360.96,361.21,7888700,-0.010885382251507036,358.645,350.77020000000005
2021-08-27,2021,8,27,Friday,34,2021-34,361.92,370.49,360.91,369.39,11219100,0.022641308576794694,359.42571428571426,351.4864
2021-08-30,2021,8,30,Monday,35,2021-35,369.32,378.17,367.29,377.35,13547300,0.02154931791832637,360.8085714285714,352.4975999999999
2021-08-31,2021,8,31,Tuesday,35,2021-35,376.64,379.43,375.5,376.08,12345400,-0.003362506543733601,362.1835714285714,353.43120000000005
2021-09-01,2021,9,1,Wednesday,35,2021-35,376.29,380.98,375.51,378.72,11567200,0.007037721858079271,363.5571428571429,354.28399999999993
2021-09-02,2021,9,2,Thursday,35,2021-35,378.18,378.43,370.8,372.01,14832900,-0.01772017707606599,364.4135714285714,354.9716
2021-09-03,2021,9,3,Friday,35,2021-35,371.49,373.88,369.86,372.98,7509600,0.0026114578307065983,365.09999999999997,355.62739999999997
2021-09-07,2021,9,7,Tuesday,36,2021-36,372.61,379.63,369.9,378.85,10793800,0.015733728469083497,366.78000000000003,356.4364
2021-09-08,2021,9,8,Wednesday,36,2021-36,376.85,377.55,371.53,374.28,11067200,-0.012062340903688407,368.3457142857143,356.87120000000004
2021-09-09,2021,9,9,Thursday,36,2021-36,374.35,376.52,373.29,374.71,9098900,0.0011388141656185624,369.9657142857142,357.38879999999995
2021-09-10,2021,9,10,Friday,36,2021-36,378.04,380.45,374.97,375.39,11549600,0.0018254704023192847,371.3335714285714,358.00300000000004
2021-09-13,2021,9,13,Monday,37,2021-37,378.36,378.43,371.09,373.23,13026300,-0.005756736523112593,372.265,358.4414
2021-09-14,2021,9,14,Tuesday,37,2021-37,374.11,375.29,371.84,373.25,8711600,5.322941468910436e-05,373.045,358.8742
2021-09-15,2021,9,15,Wednesday,37,2021-37,373.72,374.27,364.47,370.67,17940300,-0.006931719780281287,373.4371428571429,359.2934
2021-09-16,2021,9,16,Thursday,37,2021-37,369.54,370.31,366.49,369.81,11934200,-0.0022998610812772213,374.0514285714286,359.7407999999999
2021-09-17,2021,9,17,Friday,37,2021-37,368.18,368.18,358.44,361.55,26299000,-0.022355885455516367,373.49142857142857,360.119
2021-09-20,2021,9,20,Monday,38,2021-38,356.17,357.89,346.75,352.6,19822800,-0.024731098931486062,371.72357142857146,360.22360000000003
2021-09-21,2021,9,21,Tuesday,38,2021-38,355.38,356.91,352.1,354.37,11751900,0.005004190714374079,370.17285714285714,360.3092
2021-09-22,2021,9,22,Wednesday,38,2021-38,344.21,346.79,337.72,340.22,43692900,-0.039918583767477145,367.42285714285714,360.1332
2021-09-23,2021,9,23,Thursday,38,2021-38,342.35,346.63,340.01,342.95,21806300,0.008012537759892524,365.34714285714284,360.10020000000003
2021-09-24,2021,9,24,Friday,38,2021-38,340.25,351.27,339.39,349.89,18801900,0.02023362369446491,363.6978571428572,360.26880000000006
2021-09-27,2021,9,27,Monday,39,2021-39,346.76,352.06,344.06,350.5,15205800,0.0017567210432345437,361.67285714285714,360.515
2021-09-28,2021,9,28,Tuesday,39,2021-39,344.94,346.56,335.97,337.68,21710300,-0.03656881334156303,359.0585714285715,360.5882
2021-09-29,2021,9,29,Wednesday,39,2021-39,340.16,342.22,335.93,336.65,14452200,-0.0030529814557268553,356.34000000000003,360.5474
2021-09-30,2021,9,30,Thursday,39,2021-39,337.49,339.82,335.21,336.44,16547100,-0.0006477832911978565,353.55785714285713,360.4118
2021-10-01,2021,10,1,Friday,39,2021-39,338.64,342.02,335.69,340.02,14905300,0.010666325844467028,351.1857142857143,360.24960000000004
2021-10-04,2021,10,4,Monday,40,2021-40,332.61,333.02,319.89,323.39,42885000,-0.04891997871101095,347.6242857142857,359.38599999999997
2021-10-05,2021,10,5,Tuesday,40,2021-40,325.72,332.26,323.32,330.06,35377900,0.02062953059249306,344.72357142857146,358.6028
2021-10-06,2021,10,6,Wednesday,40,2021-40,326.87,331.47,322.96,330.74,26443000,0.00204235494092897,341.93285714285713,357.9254
2021-10-07,2021,10,7,Thursday,40,2021-40,334.07,335.89,326.12,326.35,28307500,-0.013247926536867904,339.4185714285714,357.0518
2021-10-08,2021,10,8,Friday,40,2021-40,328.62,330.5,325.85,327.18,15946100,0.0025212339290272556,337.6028571428572,356.4914
2021-10-11,2021,10,11,Monday,41,2021-41,324.78,327.58,322.48,322.62,14708200,-0.013937221129655564,335.33500000000004,355.87980000000005
2021-10-12,2021,10,12,Tuesday,41,2021-41,320.22,321.56,314.61,320.95,31658700,-0.005162175476885467,333.9585714285714,355.32099999999997
2021-10-13,2021,10,13,Wednesday,41,2021-41,324.12,324.15,319.85,321.71,14761500,0.002378353399372868,332.4414285714286,354.7916
2021-10-14,2021,10,14,Thursday,41,2021-41,325.5,327.64,324.25,325.67,14302200,0.012294116659408383,330.7114285714286,354.189
2021-10-15,2021,10,15,Friday,41,2021-41,325.82,326.21,319.7,321.93,21596400,-0.011475176490178485,328.67071428571427,353.4314
2021-10-18,2021,10,18,Monday,42,2021-42,326.09,332.97,324.65,332.42,21585000,0.03257785333136032,328.29499999999996,352.8728
2021-10-19,2021,10,19,Tuesday,42,2021-42,336.69,339.48,334.34,337.03,18786300,0.013866450449775636,328.32214285714286,352.44419999999997
2021-10-20,2021,10,20,Wednesday,42,2021-42,340.46,340.99,336.5,337.81,13639500,0.0023237451567892364,328.42,352.0406
2021-10-21,2021,10,21,Thursday,42,2021-42,337.32,339.33,334.86,338.9,16354400,0.0032279766164116097,328.34000000000003,351.68199999999996
2021-10-22,2021,10,22,Friday,42,2021-42,323.51,326.76,318.31,321.78,35224500,-0.05051514132337043,328.225,350.9278
2021-10-25,2021,10,25,Monday,43,2021-43,317.51,326.69,316.94,325.83,38409000,0.012569156345692223,327.92285714285714,350.244
2021-10-26,2021,10,26,Tuesday,43,2021-43,325.4,327.34,306.9,313.06,65654000,-0.03918605988560575,326.65999999999997,349.2378
2021-10-27,2021,10,27,Wednesday,43,2021-43,311.45,316.47,309.34,309.5,29971800,-0.011367393825299388,325.45642857142855,348.3212
2021-10-28,2021,10,28,Thursday,43,2021-43,310.27,322.69,305.43,314.16,50806800,0.015053494140319756,324.52642857142854,347.5572
2021-10-29,2021,10,29,Friday,43,2021-43,317.4,323.16,316.82,320.75,37059400,0.020983183728216614,324.39285714285717,346.93160000000006
2021-11-01,2021,11,1,Monday,44,2021-44,323.2,330.55,323.16,327.11,31518900,0.019810295359549146,324.8328571428571,346.34899999999993
2021-11-02,2021,11,2,Tuesday,44,2021-44,328.5,331.88,320.98,325.22,28353000,-0.0057579964060803235,325.0835714285714,345.64959999999996
2021-11-03,2021,11,3,Wednesday,44,2021-44,324.64,329.26,320.39,328.73,20786500,0.01079005692158752,325.3021428571428,344.9776
2021-11-04,2021,11,4,Thursday,44,2021-44,331.1,334.33,329.75,332.93,22495300,0.012755652886715652,326.0878571428571,344.3326
2021-11-05,2021,11,5,Friday,44,2021-44,337.35,343.77,336.68,338.16,26872800,0.015721217786641928,326.4978571428572,343.87159999999994
2021-11-08,2021,11,8,Monday,45,2021-45,341.42,341.79,335.39,335.67,18342500,-0.007358015515248395,326.4007142857143,343.1972
2021-11-09,2021,11,9,Tuesday,45,2021-45,337.04,338.34,331.56,332.45,17556700,-0.009597694691338754,326.01785714285717,342.2992
2021-11-10,2021,11,10,Wednesday,45,2021-45,329.6,330.29,322.68,324.79,21872600,-0.02304910893779366,325.00999999999993,341.2734
2021-11-11,2021,11,11,Thursday,45,2021-45,326.95,329.57,324.15,324.89,12376600,0.00030509321504457176,325.23214285714283,340.1968
2021-11-12,2021,11,12,Friday,45,2021-45,327.31,338.88,326.91,337.92,25414300,0.04012325500831504,326.0957142857143,339.515
2021-11-15,2021,11,15,Monday,46,2021-46,341.34,350.57,340.21,344.53,25076600,0.019566616009111915,328.34357142857147,338.94599999999997
2021-11-16,2021,11,16,Tuesday,46,2021-46,340.84,343.63,337.9,339.97,18181100,-0.013235331371782455,330.52,338.1684
2021-11-17,2021,11,17,Wednesday,46,2021-46,341.24,344.28,337.14,337.8,13602800,-0.006385654655272188,332.2085714285714,337.43879999999996
2021-11-18,2021,11,18,Thursday,46,2021-46,336.76,339.48,332.38,335.74,17487200,-0.00610345243467314,333.2792857142857,336.6594
2021-11-19,2021,11,19,Friday,46,2021-46,339.22,349.03,336.94,342.29,26488500,0.019516096998750676,334.36357142857145,335.99739999999997
2021-11-22,2021,11,22,Monday,47,2021-47,346.01,350.75,337.55,338.04,27116800,-0.01242389085235207,335.2792857142857,335.2936
2021-11-23,2021,11,23,Tuesday,47,2021-47,335.98,338.43,330.6,334.31,17225000,-0.011025966279685662,335.6778571428572,334.51480000000004
2021-11-24,2021,11,24,Wednesday,47,2021-47,333.08,338.8,329.91,338.09,13566200,0.011297047716669395,336.0464285714285,333.8632
2021-11-26,2021,11,26,Friday,47,2021-47,332.88,334.81,329.01,330.22,14750700,-0.023280269305612333,335.4792857142857,333.0714
2021-11-29,2021,11,29,Monday,48,2021-48,333.96,337.7,332.39,335.09,16650900,0.0147392200138734,335.4378571428571,332.54220000000004
2021-11-30,2021,11,30,Tuesday,48,2021-48,332.08,332.89,320.61,321.64,25390000,-0.04014419849943651,334.66571428571433,331.923
2021-12-01,2021,12,1,Wednesday,48,2021-48,327.41,327.62,307.59,307.9,30329600,-0.04271704344659488,333.4592857142857,330.9936
2021-12-02,2021,12,2,Thursday,48,2021-48,308.69,311.86,304.53,307.69,24396200,-0.0006761723964067157,332.23071428571427,330.343
2021-12-03,2021,12,3,Friday,48,2021-48,311.0,311.02,296.89,304.17,27471000,-0.011437346618898614,329.82,329.56739999999996
2021-12-06,2021,12,6,Monday,49,2021-49,305.45,317.31,303.67,315.1,21758300,0.03594700354349145,327.71785714285716,328.87159999999994
2021-12-07,2021,12,7,Tuesday,49,2021-49,318.77,323.7,318.21,320.0,18794000,0.015541161555752803,326.2914285714286,328.2616
2021-12-08,2021,12,8,Wednesday,49,2021-49,322.17,329.85,320.26,327.68,19937700,0.024007994844816638,325.56857142857143,328.06159999999994
2021-12-09,2021,12,9,Thursday,49,2021-49,326.67,333.2,325.14,326.95,16879200,-0.002238789498373861,324.9407142857143,327.86760000000004
2021-12-10,2021,12,10,Friday,49,2021-49,329.66,332.11,323.53,326.88,14528000,-0.00021225635789001718,323.84000000000003,327.67640000000006
2021-12-13,2021,12,13,Monday,50,2021-50,328.07,338.12,326.72,331.58,22948700,0.01437441194653899,323.37857142857143,327.5076
2021-12-14,2021,12,14,Tuesday,50,2021-50,325.19,332.78,324.8,330.83,20461000,-0.002242122131184021,323.13,327.6564
2021-12-15,2021,12,15,Wednesday,50,2021-50,329.6,339.13,321.16,338.69,24681300,0.023731107468900836,323.1728571428571,327.829
2021-12-16,2021,12,16,Thursday,50,2021-50,336.03,341.46,330.83,331.98,22635000,-0.01978562732067668,323.29857142857145,327.8538
2021-12-17,2021,12,17,Friday,50,2021-50,329.9,334.18,327.87,330.88,40012600,-0.003314435462179688,322.9978571428572,327.94440000000003
2021-12-20,2021,12,20,Monday,51,2021-51,326.91,327.03,319.72,322.62,17901800,-0.024985755022541967,323.0678571428571,327.8532
2021-12-21,2021,12,21,Tuesday,51,2021-51,323.57,333.08,320.93,331.29,16116800,0.026885747280048555,324.73857142857145,328.02660000000003
2021-12-22,2021,12,22,Wednesday,51,2021-51,330.89,331.6,325.4,327.57,16764600,-0.011220705000628661,326.1585714285714,328.159
2021-12-23,2021,12,23,Thursday,51,2021-51,327.23,333.74,325.5,332.32,13987700,0.014495255510425631,328.16928571428576,328.37120000000004
2021-12-27,2021,12,27,Monday,52,2021-52,335.9,344.84,335.07,343.17,17795000,0.03263340329970554,330.17428571428576,328.7212
2021-12-28,2021,12,28,Tuesday,52,2021-52,343.61,349.64,342.2,343.21,16637600,0.00011560818039924037,331.83214285714286,329.1468
2021-12-29,2021,12,29,Wednesday,52,2021-52,343.89,346.65,338.67,339.95,10747000,-0.009473884418876866,332.7085714285714,329.2974
2021-12-30,2021,12,30,Thursday,52,2021-52,341.01,344.21,340.23,341.36,10593300,0.004140710547581694,333.73785714285714,329.384
2021-12-31,2021,12,31,Friday,52,2021-52,340.03,340.45,333.34,333.42,12870500,-0.023260556278697164,334.205,329.2962
2022-01-03,2022,1,3,Monday,01,2022-01,335.36,338.11,334.25,335.59,14537900,0.006511145914269267,334.49142857142857,329.23
2022-01-04,2022,1,4,Tuesday,01,2022-01,336.99,340.1,328.98,333.6,15998000,-0.005937229777157937,334.6892857142857,329.4664
2022-01-05,2022,1,5,Wednesday,01,2022-01,330.12,332.84,321.02,321.35,20564500,-0.03672788743567734,333.4507142857143,329.3768
2022-01-06,2022,1,6,Thursday,01,2022-01,320.01,336.22,319.91,329.57,27962800,0.02557300222138159,333.2785714285714,329.707
2022-01-07,2022,1,7,Friday,01,2022-01,329.84,334.07,326.02,328.9,14722000,-0.002015239070617625,333.13714285714286,330.095
2022-01-10,2022,1,10,Monday,02,2022-02,322.48,325.48,312.68,325.21,24942400,-0.011211926529573035,333.32214285714286,330.316
2022-01-11,2022,1,11,Tuesday,02,2022-02,323.94,331.72,322.45,331.46,16226800,0.01920337563068797,333.3342857142857,330.53020000000004
2022-01-12,2022,1,12,Wednesday,02,2022-02,332.26,333.44,327.16,330.36,14104900,-0.003319780883597412,333.53357142857146,330.5952
2022-01-13,2022,1,13,Thursday,02,2022-02,332.06,332.71,322.92,323.64,14797100,-0.020344562623404117,332.9135714285714,330.5636
2022-01-14,2022,1,14,Friday,02,2022-02,318.99,329.83,318.41,329.01,16868500,0.016601370225728163,331.90214285714285,330.56919999999997
2022-01-18,2022,1,18,Tuesday,03,2022-03,320.48,321.39,314.87,315.38,22645600,-0.04142815734125471,329.9142857142857,330.2182
2022-01-19,2022,1,19,Wednesday,03,2022-03,316.8,324.25,316.55,316.81,20814700,0.0045261513817898,328.26142857142855,329.7912
2022-01-20,2022,1,20,Thursday,03,2022-03,321.08,324.97,313.23,313.8,16925000,-0.009480923233834537,326.29285714285714,329.35380000000004
2022-01-21,2022,1,21,Friday,03,2022-03,312.07,315.54,300.4,300.53,28710700,-0.04229836038821955,323.94357142857143,328.7154
2022-01-24,2022,1,24,Monday,04,2022-04,295.25,306.84,286.49,306.02,38878100,0.01827342889718664,321.83142857142855,328.34
2022-01-25,2022,1,25,Tuesday,04,2022-04,297.34,303.56,294.99,297.54,25108500,-0.027728157136761244,319.2557142857143,327.79299999999995
2022-01-26,2022,1,26,Wednesday,04,2022-04,304.34,304.83,288.32,292.07,28348800,-0.01839092862158398,317.1642857142857,326.876
2022-01-27,2022,1,27,Thursday,04,2022-04,295.16,299.08,291.7,292.08,21629900,3.406339050693319e-05,314.4864285714286,325.827
2022-01-28,2022,1,28,Friday,04,2022-04,293.05,299.27,290.48,299.08,21871600,0.02399537840316679,312.3564285714286,325.00919999999996
2022-01-31,2022,1,31,Monday,05,2022-05,298.06,311.06,296.71,310.53,21579500,0.03828181606594283,311.3078571428572,324.4638
2022-02-01,2022,2,1,Tuesday,05,2022-05,311.82,316.88,309.4,316.22,18023800,0.018323339276011374,310.2192857142857,324.0734
2022-02-02,2022,2,2,Wednesday,05,2022-05,324.97,325.14,314.11,320.19,58458300,0.012539281762000032,309.49285714285713,323.6314
2022-02-03,2022,2,3,Thursday,05,2022-05,242.52,245.84,233.7,235.69,188119900,-0.2639009947551113,303.2107142857143,321.5844
2022-02-04,2022,2,4,Friday,05,2022-05,232.92,240.5,228.11,235.03,89342200,-0.002817910453945416,296.4978571428571,319.5988
2022-02-07,2022,2,7,Monday,06,2022-06,235.63,236.23,222.06,222.95,88613800,-0.051372907984595706,289.8957142857143,317.296
2022-02-08,2022,2,8,Tuesday,06,2022-06,218.93,223.8,214.27,218.26,94729700,-0.021030715008584777,282.8564285714286,315.0568
2022-02-09,2022,2,9,Wednesday,06,2022-06,222.25,231.34,220.28,229.98,86563300,0.05368340818015649,276.8692857142857,312.95459999999997
2022-02-10,2022,2,10,Thursday,06,2022-06,226.28,232.95,224.73,226.08,49310400,-0.016939627637905463,271.5514285714286,311.0434
2022-02-11,2022,2,11,Friday,06,2022-06,226.47,228.41,216.87,217.64,46156900,-0.037357081700207906,265.2385714285714,309.2382
2022-02-14,2022,2,14,Monday,07,2022-07,217.4,219.08,212.91,215.8,38184000,-0.008426245098040575,259.4,307.4004
2022-02-15,2022,2,15,Tuesday,07,2022-07,218.55,219.22,213.19,219.08,42685500,0.015158535441129217,254.1864285714286,305.6986
2022-02-16,2022,2,16,Wednesday,07,2022-07,210.56,215.57,210.51,214.65,45817500,-0.0201810553683347,248.65571428571428,303.6896
2022-02-17,2022,2,17,Thursday,07,2022-07,212.16,215.61,205.36,205.9,38747500,-0.0407775894573279,242.0,301.4076
2022-02-18,2022,2,18,Friday,07,2022-07,207.57,208.92,203.39,204.37,37128400,-0.007462361933854189,234.41714285714286,298.9414
2022-02-22,2022,2,22,Tuesday,08,2022-08,200.58,205.67,198.32,200.32,39852400,-0.019790435328501887,226.1385714285714,296.4088
2022-02-23,2022,2,23,Wednesday,08,2022-08,202.38,205.14,196.33,196.72,44481400,-0.017963275930058753,217.31928571428574,293.80559999999997
2022-02-24,2022,2,24,Thursday,08,2022-08,189.4,206.54,188.56,205.79,49957200,0.046107463441842356,215.18357142857144,291.2898
2022-02-25,2022,2,25,Friday,08,2022-08,203.16,209.48,201.41,208.65,37627600,0.01387278368192879,213.29928571428573,288.8462
2022-02-28,2022,2,28,Monday,09,2022-09,205.87,211.29,205.03,209.19,34239800,0.0026130729411619757,212.3164285714286,286.25620000000004
2022-03-01,2022,3,1,Tuesday,09,2022-09,208.04,209.91,200.46,201.72,27094900,-0.03572952521833128,211.135,283.651
2022-03-02,2022,3,2,Wednesday,09,2022-09,203.0,207.33,200.26,206.3,29452100,0.022703695887163367,209.44357142857143,281.1594
2022-03-03,2022,3,3,Thursday,09,2022-09,207.2,207.26,199.67,201.2,27263500,-0.02469850337674595,207.66642857142855,278.731
2022-03-04,2022,3,4,Friday,09,2022-09,200.61,204.1,197.06,198.32,32130900,-0.014337049939003754,206.2864285714286,276.0716
2022-03-07,2022,3,7,Monday,10,2022-10,199.04,199.14,185.65,185.84,38560600,-0.06293099859913798,204.14642857142854,273.237
2022-03-08,2022,3,8,Tuesday,10,2022-10,186.21,194.99,184.49,188.63,37508100,0.015042429713304273,201.97142857142856,270.3632
2022-03-09,2022,3,9,Wednesday,10,2022-10,194.04,197.37,192.23,196.77,31894700,0.04314460933843467,200.6942857142857,267.4352
2022-03-10,2022,3,10,Thursday,10,2022-10,193.14,194.57,189.41,193.51,24853000,-0.016574346143956142,199.80928571428572,264.4412
2022-03-11,2022,3,11,Friday,10,2022-10,190.96,191.88,185.05,185.98,34694500,-0.03893229058860592,198.49571428571429,261.36179999999996
2022-03-14,2022,3,14,Monday,11,2022-11,185.4,190.62,184.2,185.01,31010500,-0.005223749995795113,197.40214285714282,258.2348
2022-03-15,2022,3,15,Tuesday,11,2022-11,189.14,190.61,184.29,190.36,31721700,0.028934280318604122,196.94785714285715,255.3736
2022-03-16,2022,3,16,Wednesday,11,2022-11,193.01,201.96,192.83,201.86,40640300,0.06040732405768989,196.66714285714286,252.699
2022-03-17,2022,3,17,Thursday,11,2022-11,199.94,206.23,199.36,206.03,29499700,0.02067476981880456,196.48,250.14759999999998
2022-03-18,2022,3,18,Friday,11,2022-11,204.9,214.91,204.21,214.61,52128000,0.041618653707617526,196.86714285714285,248.0128
2022-03-21,2022,3,21,Monday,12,2022-12,212.63,212.84,205.82,209.65,30142300,-0.02309585688217841,197.43357142857144,245.6144
2022-03-22,2022,3,22,Tuesday,12,2022-12,209.53,217.55,208.35,214.76,31998800,0.024398170100851102,198.03785714285712,243.3316
2022-03-23,2022,3,23,Wednesday,12,2022-12,211.47,214.91,210.31,211.6,23717300,-0.014724143014719582,198.7807142857143,241.05939999999998
2022-03-24,2022,3,24,Thursday,12,2022-12,213.13,218.75,212.92,217.66,31502300,0.02862354206255535,200.16214285714287,238.7834
2022-03-25,2022,3,25,Friday,12,2022-12,218.59,223.54,216.98,219.89,40039000,0.010247416063150938,202.59428571428572,236.57399999999998
2022-03-28,2022,3,28,Monday,13,2022-13,220.2,222.09,217.63,221.64,26224100,0.007979446864568418,204.95214285714286,234.53400000000002
2022-03-29,2022,3,29,Tuesday,13,2022-13,224.1,228.88,223.33,227.86,31417900,0.028042419069125746,207.17285714285714,232.511
2022-03-30,2022,3,30,Wednesday,13,2022-13,226.92,229.14,224.74,225.87,25588000,-0.008744475563503107,209.4842857142857,230.72080000000003
2022-03-31,2022,3,31,Thursday,13,2022-13,226.46,226.5,220.33,220.42,24192300,-0.02409482522754769,211.9442857142857,228.793
2022-04-01,2022,4,1,Friday,13,2022-13,222.6,225.3,220.76,222.89,19544800,0.011198050302618778,214.65,226.9748
2022-04-04,2022,4,4,Monday,14,2022-14,224.01,232.31,223.89,231.85,28054800,0.04020457172219771,217.61357142857145,225.60119999999998
2022-04-05,2022,4,5,Tuesday,14,2022-14,232.04,234.8,229.01,229.82,29727200,-0.008764851563178189,219.61071428571427,224.0772
2022-04-06,2022,4,6,Wednesday,14,2022-14,224.93,227.0,219.48,221.36,28995100,-0.036835592710230514,220.7057142857143,222.55360000000002
2022-04-07,2022,4,7,Thursday,14,2022-14,221.98,223.56,216.66,221.01,21037200,-0.0015676098888258716,221.16285714285712,221.13240000000002
2022-04-08,2022,4,8,Friday,14,2022-14,220.44,223.17,218.11,220.39,18375700,-0.00278085069673506,221.93,219.6986
2022-04-11,2022,4,11,Monday,15,2022-15,216.52,218.69,213.35,214.58,20516600,-0.02640216248116234,221.91714285714286,218.0086
2022-04-12,2022,4,12,Tuesday,15,2022-15,218.32,220.1,211.27,212.28,20128800,-0.01071784738230197,221.96571428571426,216.0436
2022-04-13,2022,4,13,Wednesday,15,2022-15,209.98,214.72,209.49,213.12,19231800,0.003969460842097483,221.64142857142858,213.9816
2022-04-14,2022,4,14,Thursday,15,2022-15,213.02,213.12,208.17,208.35,18379500,-0.022373341037242644,220.81714285714287,211.7448
2022-04-18,2022,4,18,Monday,16,2022-16,208.17,211.52,206.49,208.94,16580800,0.0028072171061035434,219.91000000000003,211.2098
2022-04-19,2022,4,19,Tuesday,16,2022-16,208.69,216.53,207.18,215.42,20089900,0.031029055533577266,219.02142857142857,210.81760000000003
2022-04-20,2022,4,20,Wednesday,16,2022-16,211.75,212.3,197.19,198.68,43036500,-0.07772318812482504,217.07928571428573,210.33219999999997
2022-04-21,2022,4,21,Thursday,16,2022-16,199.85,201.2,183.96,186.43,49954100,-0.06162045604799371,214.65142857142857,209.69559999999998
2022-04-22,2022,4,22,Friday,16,2022-16,188.71,191.04,181.67,182.51,36426800,-0.02105595797434978,211.7671428571429,208.7462
2022-04-25,2022,4,25,Monday,17,2022-17,181.14,185.55,180.08,185.36,29281100,0.015642767677978675,208.44642857142858,207.9318
2022-04-26,2022,4,26,Tuesday,17,2022-17,185.01,185.56,177.94,179.37,31747400,-0.0323012234461284,204.84285714285716,207.16639999999998
2022-04-27,2022,4,27,Wednesday,17,2022-17,172.91,179.63,167.53,173.43,71062900,-0.033158331665320784,201.4192857142857,206.319
2022-04-28,2022,4,28,Thursday,17,2022-17,201.15,206.71,191.22,203.94,100890600,0.17593606525731698,200.20000000000002,206.0162
2022-04-29,2022,4,29,Friday,17,2022-17,202.68,210.63,198.16,198.72,49193400,-0.025567525227354615,198.65214285714288,205.6976
2022-05-02,2022,5,2,Monday,18,2022-18,199.42,210.04,199.24,209.29,49915300,0.053175096904596764,198.27428571428572,205.7654
2022-05-03,2022,5,3,Tuesday,18,2022-18,208.62,213.03,206.28,210.18,41556300,0.004262634014298605,198.12428571428572,205.8816
2022-05-04,2022,5,4,Wednesday,18,2022-18,208.82,222.35,205.16,221.47,41375900,0.05367169828250962,198.72071428571425,206.3046
2022-05-05,2022,5,5,Thursday,18,2022-18,216.84,218.25,204.37,206.47,41129200,-0.06772288328009024,198.58642857142857,206.4996
2022-05-06,2022,5,6,Friday,18,2022-18,205.54,207.56,199.27,202.0,34747200,-0.021653510719372493,198.09071428571428,206.42379999999997
2022-05-09,2022,5,9,Monday,19,2022-19,198.1,200.81,193.88,194.5,36303200,-0.03710078439210929,196.59642857142856,206.14079999999998
2022-05-10,2022,5,10,Tuesday,19,2022-19,197.77,201.19,192.5,195.93,34452500,0.007339050235112499,196.4,205.87559999999996
2022-05-11,2022,5,11,Wednesday,19,2022-19,194.62,198.92,186.63,187.1,31153400,-0.04507956158169457,196.44785714285715,205.5832
2022-05-12,2022,5,12,Thursday,19,2022-19,185.43,196.33,183.17,189.58,38262200,0.013245672053950663,196.95285714285714,205.24880000000002
2022-05-13,2022,5,13,Friday,19,2022-19,190.9,198.15,189.61,196.89,24549800,0.03859013878216233,197.77642857142857,205.1626
2022-05-16,2022,5,16,Monday,20,2022-20,195.33,203.58,194.22,198.3,27112600,0.0071493299426115264,199.1285714285714,205.1622
2022-05-17,2022,5,17,Tuesday,20,2022-20,200.36,203.67,196.63,200.86,24872700,0.012897575797775618,201.08785714285713,205.4626
2022-05-18,2022,5,18,Wednesday,20,2022-20,198.26,199.25,189.96,190.57,23960000,-0.051228980307462146,200.13285714285715,205.5014
2022-05-19,2022,5,19,Thursday,20,2022-20,189.54,193.59,187.95,189.62,24446900,-0.0049417213656084424,199.48285714285717,205.3584
2022-05-20,2022,5,20,Friday,20,2022-20,193.27,196.19,186.23,191.86,31465600,0.011762215151202682,198.23785714285714,205.3254
2022-05-23,2022,5,23,Monday,21,2022-21,193.49,195.28,189.58,194.52,25059200,0.013899079033609318,197.11928571428572,205.49620000000002
2022-05-24,2022,5,24,Tuesday,21,2022-21,178.98,182.08,174.58,179.7,50406300,-0.076186314252495,194.1357142857143,205.39
2022-05-25,2022,5,25,Wednesday,21,2022-21,178.83,183.84,177.76,182.23,28030200,0.014066636126771392,192.4042857142857,205.22740000000002
2022-05-26,2022,5,26,Thursday,21,2022-21,181.29,191.15,180.67,189.96,23056500,0.042430685360407505,191.5442857142857,204.9894
2022-05-27,2022,5,27,Friday,21,2022-21,189.69,193.63,188.15,193.43,22562700,0.01826426139859616,191.46785714285716,204.7374
2022-05-31,2022,5,31,Tuesday,22,2022-22,193.19,195.88,190.34,191.95,26131100,-0.007635888090277043,191.18357142857144,204.28419999999997
2022-06-01,2022,6,1,Wednesday,22,2022-22,194.8,197.79,183.39,187.0,36623500,-0.025821229387786304,191.1764285714286,203.8312
2022-06-02,2022,6,2,Thursday,22,2022-22,186.81,199.19,186.1,197.13,31951600,0.05417740268105731,191.71571428571428,203.4786
2022-06-03,2022,6,3,Friday,22,2022-22,194.27,194.9,188.13,189.12,19465000,-0.040631734246507456,191.16071428571428,203.02899999999997
2022-06-06,2022,6,6,Monday,23,2022-23,192.3,195.21,186.76,192.56,30574200,0.01818854864771735,190.7507142857143,202.52700000000002
2022-06-07,2022,6,7,Tuesday,23,2022-23,190.26,194.82,189.82,193.95,18828700,0.007207231194017449,190.25714285714284,202.0082
2022-06-08,2022,6,8,Wednesday,23,2022-23,192.98,200.27,192.72,194.93,22267200,0.005060068447346744,190.56857142857143,201.474
2022-06-09,2022,6,9,Thursday,23,2022-23,192.59,197.71,182.08,182.4,23501600,-0.0642798299404077,190.05285714285716,200.5648
2022-06-10,2022,6,10,Friday,23,2022-23,181.45,181.51,173.5,174.04,27450800,-0.04581519975525472,188.78,199.5282
2022-06-13,2022,6,13,Monday,24,2022-24,169.1,171.08,162.6,162.83,31749300,-0.0644188485457734,186.51642857142858,198.3764
2022-06-14,2022,6,14,Tuesday,24,2022-24,164.58,165.3,159.96,162.3,27244300,-0.0032265249948154606,185.27357142857142,197.16459999999998
2022-06-15,2022,6,15,Wednesday,24,2022-24,165.74,170.66,162.55,167.88,30008300,0.03432479047743864,184.24857142857144,195.8852
2022-06-16,2022,6,16,Thursday,24,2022-24,162.29,163.64,158.22,159.47,26944100,-0.05007395080925958,182.0707142857143,194.4782
2022-06-17,2022,6,17,Friday,24,2022-24,160.27,164.46,158.51,162.31,31374200,0.01784059112435088,179.84785714285718,193.29719999999998
2022-06-21,2022,6,21,Tuesday,25,2022-25,164.49,166.3,154.61,155.68,50724900,-0.04085743849724899,177.25714285714284,191.99059999999997
2022-06-22,2022,6,22,Wednesday,25,2022-25,157.0,159.39,154.09,154.49,47267800,-0.007640917737349762,174.935,190.6726
2022-06-23,2022,6,23,Thursday,25,2022-25,154.91,158.36,152.91,157.37,40499200,0.018607739573622384,172.095,189.5284
2022-06-24,2022,6,24,Friday,25,2022-25,160.32,168.77,159.9,168.68,68736000,0.07187397522842898,170.635,188.6564
2022-06-27,2022,6,27,Monday,26,2022-26,169.83,170.25,166.55,168.01,29174600,-0.003937390372996452,168.8814285714286,187.75420000000003
2022-06-28,2022,6,28,Tuesday,26,2022-26,168.42,169.81,159.21,159.28,27744500,-0.05197954700588614,166.405,186.7728
2022-06-29,2022,6,29,Wednesday,26,2022-26,162.15,164.88,158.92,162.51,28595200,0.020288816846841584,164.08928571428572,185.84419999999997
2022-06-30,2022,6,30,Thursday,26,2022-26,160.74,163.79,157.11,159.85,35250600,-0.016408516263874406,162.47857142857143,184.7328
2022-07-01,2022,7,1,Friday,26,2022-26,158.91,159.22,153.65,158.64,31423900,-0.0075658999739109944,161.3785714285714,183.93200000000002
2022-07-05,2022,7,5,Tuesday,27,2022-27,156.76,166.79,155.65,166.73,28618600,0.05099058532501877,161.65714285714284,183.53800000000004
2022-07-06,2022,7,6,Wednesday,27,2022-27,166.74,170.1,164.02,168.29,23085900,0.009393908360270098,162.085,183.2536
2022-07-07,2022,7,7,Thursday,27,2022-27,167.97,171.22,166.32,170.69,24083400,0.014254625361495243,162.28571428571428,182.96020000000001
2022-07-08,2022,7,8,Friday,27,2022-27,168.5,170.9,166.69,169.39,19249200,-0.007607803362097654,162.9942857142857,182.7606
2022-07-11,2022,7,11,Monday,28,2022-28,165.62,166.03,160.5,161.46,21885600,-0.046816477882555274,162.9335714285714,182.52120000000002
2022-07-12,2022,7,12,Tuesday,28,2022-28,163.37,164.47,160.69,161.85,16639700,0.002394443703639393,163.3742857142857,181.6794
2022-07-13,2022,7,13,Wednesday,28,2022-28,158.77,163.54,158.22,162.07,16555100,0.0013474225029364018,163.91571428571427,180.94640000000004
2022-07-14,2022,7,14,Thursday,28,2022-28,159.82,161.17,155.91,156.67,23765200,-0.03327426912752873,163.8657142857143,179.89399999999998
2022-07-15,2022,7,15,Friday,28,2022-28,159.14,163.54,158.43,163.27,23342800,0.042075432539229185,163.4792857142857,178.95579999999998
2022-07-18,2022,7,18,Monday,29,2022-29,165.3,170.2,164.2,165.77,23574300,0.01536110096815646,163.3192857142857,177.8418
2022-07-19,2022,7,19,Tuesday,29,2022-29,168.89,174.95,168.03,174.25,25933700,0.0511272825008422,164.38857142857142,177.19740000000002
2022-07-20,2022,7,20,Wednesday,29,2022-29,175.94,182.0,175.16,181.5,24784300,0.041586089083750055,165.74499999999998,176.78740000000002
2022-07-21,2022,7,21,Thursday,29,2022-29,179.06,182.25,177.31,181.58,27195800,0.00043709152456083977,167.29714285714286,176.52900000000002
2022-07-22,2022,7,22,Friday,29,2022-29,171.56,174.07,166.94,167.8,42583900,-0.07588590433079467,167.95142857142858,175.9664
2022-07-25,2022,7,25,Monday,30,2022-30,167.53,169.09,163.38,165.2,26166300,-0.01547826436468136,167.84214285714285,175.5284
2022-07-26,2022,7,26,Tuesday,30,2022-30,164.5,164.55,156.58,157.76,28468400,-0.04500447559188325,167.09,174.892
2022-07-27,2022,7,27,Wednesday,30,2022-30,161.17,169.38,160.61,168.1,43846600,0.06553554122828897,166.905,174.31620000000004
2022-07-28,2022,7,28,Thursday,30,2022-30,159.66,160.1,153.5,159.32,73214300,-0.05224679034812951,166.1857142857143,173.5366
2022-07-29,2022,7,29,Friday,30,2022-30,156.32,158.75,153.82,157.72,42065400,-0.010079440649561788,165.91857142857143,172.67379999999997
2022-08-01,2022,8,1,Monday,31,2022-31,155.88,163.75,153.88,158.54,40596700,0.005216712209699548,165.68214285714288,172.0332
2022-08-02,2022,8,2,Tuesday,31,2022-31,156.93,160.83,156.63,158.8,27374500,0.001625804673216269,165.44857142857146,171.4168
2022-08-03,2022,8,3,Wednesday,31,2022-31,161.27,168.06,160.16,167.33,31721900,0.0537486749079259,166.21,170.9262
2022-08-04,2022,8,4,Thursday,31,2022-31,166.83,170.65,165.35,169.09,23938200,0.01048587853360372,166.6257142857143,170.4176
2022-08-05,2022,8,5,Friday,31,2022-31,165.54,170.12,164.36,165.66,25832700,-0.02028495735151359,166.61785714285716,170.1368
2022-08-08,2022,8,8,Monday,32,2022-32,166.54,175.96,165.68,168.77,27299100,0.018789862482782027,166.22642857142858,169.86759999999998
2022-08-09,2022,8,9,Tuesday,32,2022-32,167.48,168.05,165.15,167.06,18655100,-0.010102730684743433,165.195,169.40959999999998
2022-08-10,2022,8,10,Wednesday,32,2022-32,174.46,178.91,172.44,176.79,30262100,0.05820916870375448,164.85285714285715,169.0768
2022-08-11,2022,8,11,Thursday,32,2022-32,178.15,181.51,174.83,175.94,24079100,-0.004766032504723183,165.43428571428572,168.75660000000005
2022-08-12,2022,8,12,Friday,32,2022-32,179.24,179.88,177.35,178.93,21274000,0.016958512940379755,166.415,168.5952
2022-08-15,2022,8,15,Monday,33,2022-33,177.4,179.86,176.65,179.32,15878700,0.002160703759899185,167.95499999999998,168.239
2022-08-16,2022,8,16,Tuesday,33,2022-33,177.88,179.41,175.5,177.91,21156700,-0.007849903787643053,168.65571428571428,168.01480000000004
2022-08-17,2022,8,17,Wednesday,33,2022-33,175.22,176.59,172.65,173.33,20118100,-0.025742665120555452,169.65642857142853,167.6302
2022-08-18,2022,8,18,Thursday,33,2022-33,172.82,174.23,170.36,173.14,18844500,-0.0010865185514107312,170.75785714285715,167.21399999999997
2022-08-19,2022,8,19,Friday,33,2022-33,168.72,170.82,165.6,166.5,26240800,-0.038360077113742785,171.32642857142858,166.6454
2022-08-22,2022,8,22,Monday,34,2022-34,164.05,164.05,160.85,161.63,19499700,-0.029233363221992548,171.5285714285714,166.23
2022-08-23,2022,8,23,Tuesday,34,2022-34,161.07,163.61,159.3,159.71,18111800,-0.011898183877933954,170.9842857142857,165.9434
2022-08-24,2022,8,24,Wednesday,34,2022-34,159.2,164.02,158.38,161.84,20891500,0.013344744879708603,170.46642857142857,165.9236
2022-08-25,2022,8,25,Thursday,34,2022-34,163.74,167.41,162.59,167.31,15550500,0.03381142807468707,170.5842857142857,166.02380000000002
2022-08-26,2022,8,26,Friday,34,2022-34,167.01,169.43,160.26,160.37,24023600,-0.04147432908288362,169.9842857142857,165.8736
2022-08-29,2022,8,29,Monday,35,2022-35,159.26,161.63,157.63,157.78,20052700,-0.016132739898828907,169.32142857142858,165.8398
2022-08-30,2022,8,30,Tuesday,35,2022-35,158.95,160.25,154.55,155.79,19567900,-0.012628231679112978,167.82142857142858,165.7094
2022-08-31,2022,8,31,Wednesday,35,2022-35,165.62,166.38,160.73,161.51,40953000,0.03671428087308315,166.7907142857143,165.826
2022-09-01,2022,9,1,Thursday,35,2022-35,162.16,165.9,158.95,163.92,30145700,0.01491436329161644,165.71857142857144,166.0146
2022-09-02,2022,9,2,Friday,35,2022-35,165.99,166.47,157.83,158.92,22634200,-0.030478941226671608,164.26142857142855,166.0456
2022-09-06,2022,9,6,Tuesday,36,2022-36,158.71,160.28,156.32,157.16,19339800,-0.011103024693550956,162.77928571428575,165.8152
2022-09-07,2022,9,7,Wednesday,36,2022-36,156.39,159.56,155.44,158.99,16831200,0.011669255271233636,161.75499999999997,165.63479999999998
2022-09-08,2022,9,8,Thursday,36,2022-36,157.33,160.82,156.37,160.65,22530800,0.010411986082674352,160.86285714285714,165.66219999999998
2022-09-09,2022,9,9,Friday,36,2022-36,161.83,168.06,161.6,167.68,22086800,0.043749190871962496,160.94714285714284,165.7656
2022-09-12,2022,9,12,Monday,37,2022-37,165.93,169.9,165.82,167.49,23220400,-0.0011232229135654803,161.36571428571432,165.9184
2022-09-13,2022,9,13,Tuesday,37,2022-37,160.13,160.22,151.34,151.8,44444100,-0.09369064346233447,160.8007142857143,165.7816
2022-09-14,2022,9,14,Wednesday,37,2022-37,152.0,152.2,147.75,150.15,43064200,-0.010840788892910846,159.96571428571428,165.45
2022-09-15,2022,9,15,Thursday,37,2022-37,148.5,152.86,147.41,148.25,34606300,-0.012675498558329834,158.6042857142857,165.0492
2022-09-16,2022,9,16,Friday,37,2022-37,146.76,147.29,143.03,145.02,40122800,-0.021798980442982785,157.50785714285715,164.5358
2022-09-19,2022,9,19,Monday,38,2022-38,143.98,147.29,143.84,146.73,22169500,0.011825898729792561,156.71857142857144,164.0826
2022-09-20,2022,9,20,Tuesday,38,2022-38,144.51,147.54,143.96,144.82,23217400,-0.013038839798660495,155.935,163.7498
2022-09-21,2022,9,21,Wednesday,38,2022-38,145.12,148.3,140.76,140.88,38338600,-0.027174922601434726,154.46142857142857,163.3304
2022-09-22,2022,9,22,Thursday,38,2022-38,140.32,143.32,139.64,141.58,34418500,0.004925323005336324,152.8657142857143,162.9206
2022-09-23,2022,9,23,Friday,38,2022-38,140.19,141.38,137.68,139.19,31710700,-0.016874296482184636,151.45642857142857,162.571
2022-09-26,2022,9,26,Monday,39,2022-39,138.9,141.0,135.0,135.18,30497000,-0.028772920625586673,149.88642857142855,162.00920000000002
2022-09-27,2022,9,27,Tuesday,39,2022-39,136.72,138.21,132.95,133.23,30826500,-0.014446101828069713,148.04642857142858,161.3584
2022-09-28,2022,9,28,Wednesday,39,2022-39,133.45,140.79,133.1,140.38,32658500,0.05364592603078422,146.59857142857143,160.681
2022-09-29,2022,9,29,Thursday,39,2022-39,138.15,138.62,134.02,135.22,38985400,-0.03672039847978714,144.28,159.7554
2022-09-30,2022,9,30,Friday,39,2022-39,134.87,139.76,134.32,134.5,33166400,-0.005351646845021096,141.92357142857142,158.81380000000001
2022-10-03,2022,10,3,Monday,40,2022-40,135.95,138.4,134.92,137.4,27723100,0.02159493898646092,140.895,158.2058
2022-10-04,2022,10,4,Tuesday,40,2022-40,139.27,141.15,138.13,139.06,34670700,0.012048261007268524,140.10285714285715,157.68300000000002
2022-10-05,2022,10,5,Wednesday,40,2022-40,137.04,138.99,133.61,137.77,27979300,-0.00926727252437387,139.3542857142857,157.2832
2022-10-06,2022,10,6,Thursday,40,2022-40,136.52,140.22,135.41,137.86,36231100,0.0006478083444227956,138.84285714285716,156.6784
2022-10-07,2022,10,7,Friday,40,2022-40,135.57,137.09,131.29,132.29,33214800,-0.04041139360296919,137.8114285714286,156.1378
2022-10-10,2022,10,10,Monday,41,2022-41,132.39,134.93,130.72,132.63,24024000,0.0025476239113311205,136.94071428571428,155.636
2022-10-11,2022,10,11,Tuesday,41,2022-41,130.47,131.51,125.88,127.42,38481400,-0.039240616429356945,135.9792857142857,155.0136
2022-10-12,2022,10,12,Wednesday,41,2022-41,127.2,128.54,125.15,126.39,34605200,-0.008090852644669577,134.89428571428573,154.36540000000002
2022-10-13,2022,10,13,Thursday,41,2022-41,122.45,130.0,121.46,129.16,34325700,0.021882384387199805,134.17785714285714,153.602
2022-10-14,2022,10,14,Friday,41,2022-41,129.86,130.64,125.42,125.66,23559400,-0.027093440669726188,133.49785714285716,152.7334
2022-10-17,2022,10,17,Monday,42,2022-42,129.17,133.62,129.05,132.87,29612200,0.05743132702730214,133.47214285714284,152.0776
2022-10-18,2022,10,18,Tuesday,42,2022-42,135.9,136.64,130.26,131.64,25445000,-0.00925083041694541,132.84785714285715,151.335
2022-10-19,2022,10,19,Wednesday,42,2022-42,131.73,135.81,131.07,132.07,30691000,0.003237932456972459,132.62285714285716,150.6352
2022-10-20,2022,10,20,Thursday,42,2022-42,131.77,135.58,130.17,130.39,26356300,-0.012759847835224325,132.32928571428573,149.7072
2022-10-21,2022,10,21,Friday,42,2022-42,125.21,128.99,124.35,128.88,46348600,-0.011556349374183261,131.72071428571428,148.766
2022-10-24,2022,10,24,Monday,43,2022-43,126.14,132.32,123.49,128.59,63563400,-0.0022304797502772367,130.97285714285712,147.7592
2022-10-25,2022,10,25,Tuesday,43,2022-43,129.74,137.15,129.45,136.31,38433200,0.06005226331578961,130.86857142857144,146.899
2022-10-26,2022,10,26,Wednesday,43,2022-43,130.53,134.37,127.41,128.69,82791500,-0.055923239131860814,130.2135714285714,145.9146
2022-10-27,2022,10,27,Thursday,43,2022-43,97.13,101.61,95.54,97.09,232316600,-0.24557077983988518,127.69928571428571,144.3898
2022-10-28,2022,10,28,Friday,43,2022-43,98.71,99.97,96.66,98.34,95928300,0.012865014826204169,125.25,142.8938
2022-10-31,2022,10,31,Monday,44,2022-44,97.36,98.46,91.79,92.35,121361400,-0.06088707909866864,122.745,141.4108
2022-11-01,2022,11,1,Tuesday,44,2022-44,93.51,96.64,92.74,94.37,110189600,0.021897872933845708,120.45785714285714,140.0656
2022-11-02,2022,11,2,Wednesday,44,2022-44,93.39,94.37,89.69,89.75,71821100,-0.048949620322097265,117.64285714285714,138.66639999999998
2022-11-03,2022,11,3,Thursday,44,2022-44,89.3,89.67,87.64,88.14,60664000,-0.018003217115879377,114.96285714285715,137.1924
2022-11-04,2022,11,4,Friday,44,2022-44,89.56,90.59,87.32,90.0,55638100,0.02114504260846717,111.9007142857143,135.64620000000002
2022-11-07,2022,11,7,Monday,45,2022-45,93.95,96.04,92.29,95.88,81987300,0.06531549574087436,109.34642857142856,134.3564
2022-11-08,2022,11,8,Tuesday,45,2022-45,95.08,96.95,93.96,95.63,52088300,-0.0025848009755767842,106.74357142857143,133.11339999999998
2022-11-09,2022,11,9,Wednesday,45,2022-45,100.83,103.99,99.86,100.59,107677300,0.05182975037899573,104.615,132.0094
2022-11-10,2022,11,10,Thursday,45,2022-45,106.19,111.77,103.7,110.9,80671000,0.1024933899540652,103.3307142857143,130.99720000000002
2022-11-11,2022,11,11,Friday,45,2022-45,108.28,113.9,107.86,112.04,59961700,0.010279674796300542,102.14857142857143,129.95960000000002
2022-11-14,2022,11,14,Monday,46,2022-46,110.02,115.26,109.84,113.23,53395000,0.01061757663587004,100.5,129.04579999999999
2022-11-15,2022,11,15,Tuesday,46,2022-46,115.06,117.71,113.41,116.06,50670500,0.02503955671147451,99.59785714285714,128.2238
2022-11-16,2022,11,16,Wednesday,46,2022-46,113.5,115.07,111.68,112.24,33287800,-0.032883603641600256,100.67999999999999,127.2888
2022-11-17,2022,11,17,Thursday,46,2022-46,109.45,111.35,108.84,110.48,35093800,-0.01572020339466451,101.54714285714286,126.2854
2022-11-18,2022,11,18,Friday,46,2022-46,112.81,113.32,109.66,111.07,33357700,0.005383676741839816,102.88428571428571,125.1532
2022-11-21,2022,11,21,Monday,47,2022-47,110.55,111.39,108.24,108.9,24351100,-0.019544989034101068,103.92214285714286,123.9814
2022-11-22,2022,11,22,Tuesday,47,2022-47,108.9,110.65,107.38,110.47,29029000,0.014382012774219133,105.40214285714286,123.1548
2022-11-23,2022,11,23,Wednesday,47,2022-47,110.75,111.69,109.77,111.26,21343100,0.007178764531481807,107.05357142857143,122.37700000000001
2022-11-25,2022,11,25,Friday,47,2022-47,110.33,111.75,110.05,110.44,12007600,-0.007394886369870068,108.51357142857144,121.6208
2022-11-28,2022,11,28,Monday,48,2022-48,109.82,111.06,107.44,107.83,23309400,-0.023606392351052774,109.36714285714287,120.877
2022-11-29,2022,11,29,Tuesday,48,2022-48,108.59,109.97,107.6,108.51,23899200,0.006251142643189045,110.28714285714285,120.1126
2022-11-30,2022,11,30,Wednesday,48,2022-48,108.56,117.13,108.43,117.07,43348600,0.07893280450932894,111.46428571428571,119.55760000000001
2022-12-01,2022,12,1,Thursday,48,2022-48,118.16,120.14,117.37,119.39,36551400,0.019813812463868263,112.07071428571429,119.12780000000001
2022-12-02,2022,12,2,Friday,48,2022-48,116.8,122.96,116.59,122.41,39950500,0.02532358363285936,112.81142857142856,118.7444
2022-12-05,2022,12,5,Monday,49,2022-49,120.69,123.58,120.29,121.36,35474900,-0.008583700884072565,113.39214285714286,118.38779999999998
2022-12-06,2022,12,6,Tuesday,49,2022-49,118.87,119.5,112.75,113.13,43689200,-0.06787536657352378,113.18285714285715,117.94679999999998
2022-12-07,2022,12,7,Wednesday,49,2022-49,112.77,114.87,111.9,112.94,29461100,-0.0016647866301279235,113.23285714285714,117.541
2022-12-08,2022,12,8,Thursday,49,2022-49,115.38,116.32,113.59,114.33,30619400,0.012288015685425702,113.50785714285713,117.02
2022-12-09,2022,12,9,Friday,49,2022-49,114.3,116.52,112.88,114.89,26033400,0.0049424952690837465,113.7807142857143,116.61339999999998
2022-12-12,2022,12,12,Monday,50,2022-50,114.18,114.71,112.16,113.71,24747100,-0.010267744135003865,114.12428571428572,116.19759999999998
2022-12-13,2022,12,13,Tuesday,50,2022-50,121.07,122.23,117.61,119.1,44701100,0.04742410654799367,114.74071428571428,115.8316
2022-12-14,2022,12,14,Wednesday,50,2022-50,118.35,123.06,118.35,120.53,36922000,0.011985170399038347,115.40285714285713,115.46099999999998
2022-12-15,2022,12,15,Thursday,50,2022-50,117.3,117.6,113.02,115.14,34531000,-0.04474047607111442,115.73857142857142,115.0084
2022-12-16,2022,12,16,Friday,50,2022-50,119.18,122.24,117.79,118.39,67064000,0.02823916369280477,116.49285714285713,114.61900000000001
2022-12-19,2022,12,19,Monday,51,2022-51,115.81,116.77,113.33,113.48,29769900,-0.041446780084547497,116.84785714285714,114.2428
2022-12-20,2022,12,20,Tuesday,51,2022-51,112.27,116.31,111.48,116.07,28742500,0.022798746472318943,116.77642857142857,113.91159999999999
2022-12-21,2022,12,21,Wednesday,51,2022-51,115.68,119.29,114.61,118.72,20392800,0.022802853916049637,116.72857142857141,113.7376
2022-12-22,2022,12,22,Thursday,51,2022-51,116.18,117.59,113.38,116.1,23618100,-0.022044034986969607,116.27785714285714,113.5318
2022-12-23,2022,12,23,Friday,51,2022-51,115.02,117.15,114.53,117.01,17796600,0.007855156941154462,115.96714285714286,113.2888
2022-12-27,2022,12,27,Tuesday,52,2022-52,116.9,117.57,115.04,115.86,21392300,-0.009827114788334534,116.16214285714285,113.09280000000001
2022-12-28,2022,12,28,Wednesday,52,2022-52,115.24,117.12,114.5,114.61,19612500,-0.010780348860976119,116.28142857142858,112.7276
2022-12-29,2022,12,29,Thursday,52,2022-52,115.39,119.98,114.76,119.21,22366200,0.040131609515303035,116.63000000000001,112.479
2022-12-30,2022,12,30,Friday,52,2022-52,117.13,119.37,116.72,119.29,19583800,0.0006650665476133355,116.94428571428571,112.2234
2023-01-03,2023,1,3,Tuesday,01,2023-01,121.75,125.27,121.22,123.65,35528500,0.036563046978567826,117.6542857142857,112.0886
2023-01-04,2023,1,4,Wednesday,01,2023-01,126.27,127.93,124.75,126.26,32397100,0.021083946338234627,118.16571428571429,112.0362
2023-01-05,2023,1,5,Thursday,01,2023-01,125.03,127.4,123.46,125.83,25447100,-0.0033759711581967666,118.54428571428572,111.98099999999998
2023-01-06,2023,1,6,Friday,01,2023-01,127.85,129.2,124.94,128.89,27584500,0.024263461805001052,119.52642857142857,111.8326
2023-01-09,2023,1,9,Monday,02,2023-02,130.02,131.79,128.15,128.34,26649100,-0.004230115138072699,120.23714285714287,111.8256
2023-01-10,2023,1,10,Tuesday,02,2023-02,126.16,132.28,126.04,131.83,28684400,0.027187815506301005,121.54785714285715,112.52040000000001
2023-01-11,2023,1,11,Wednesday,02,2023-02,129.82,132.68,129.21,131.73,25423000,-0.0007518724761316209,122.66642857142857,113.1882
2023-01-12,2023,1,12,Thursday,02,2023-02,132.28,136.48,130.61,135.52,30757700,0.028745433217807426,123.86642857142859,114.0516
2023-01-13,2023,1,13,Friday,02,2023-02,133.8,136.19,133.67,135.79,22423800,0.0019751314934053354,125.27285714285713,114.88
2023-01-17,2023,1,17,Tuesday,03,2023-03,134.99,135.56,133.08,134.18,21147600,-0.011826753999561346,126.49928571428572,115.7686
2023-01-18,2023,1,18,Wednesday,03,2023-03,134.63,136.06,131.64,131.86,20215500,-0.017287203496127335,127.64214285714286,116.64299999999999
2023-01-19,2023,1,19,Thursday,03,2023-03,131.34,136.25,130.99,134.96,28625200,0.023530178225122267,129.09571428571428,117.5422
2023-01-20,2023,1,20,Friday,03,2023-03,134.71,138.72,133.44,138.16,28688600,0.02365051104278404,130.44928571428574,118.38779999999998
2023-01-23,2023,1,23,Monday,04,2023-04,138.08,142.51,137.45,142.02,27470100,0.027983016137629102,132.07285714285715,119.31560000000002
2023-01-24,2023,1,24,Tuesday,04,2023-04,140.46,143.74,140.13,141.89,21970200,-0.0009075372434611539,133.3757142857143,120.1416
2023-01-25,2023,1,25,Wednesday,04,2023-04,139.99,141.92,139.09,140.27,26622000,-0.011457163872865883,134.3764285714286,120.729
2023-01-26,2023,1,26,Thursday,04,2023-04,143.14,146.23,142.05,146.02,25482100,0.040989411286316946,135.81857142857143,121.40859999999999
2023-01-27,2023,1,27,Friday,04,2023-04,146.95,151.86,146.11,150.42,35771900,0.03014279447297641,137.35642857142858,122.1524
2023-01-30,2023,1,30,Monday,05,2023-05,148.11,149.8,145.67,145.78,28040100,-0.030842371884303166,138.60214285714284,122.74680000000001
2023-01-31,2023,1,31,Tuesday,05,2023-05,146.66,148.58,146.24,147.67,29842100,0.012987989001684852,139.73357142857142,123.45540000000001
2023-02-01,2023,2,1,Wednesday,05,2023-05,146.74,152.24,145.78,151.79,55661000,0.027857661859293614,141.16642857142855,124.28160000000001
2023-02-02,2023,2,2,Thursday,05,2023-05,181.78,195.44,178.59,187.13,150475700,0.23282415429138292,144.85285714285715,125.80279999999999
2023-02-03,2023,2,3,Friday,05,2023-05,181.87,195.06,181.3,184.91,76809700,-0.011866151513535539,148.36142857142858,127.32300000000001
2023-02-06,2023,2,6,Monday,06,2023-06,184.91,189.04,183.91,184.44,42483800,-0.0025198842351846773,151.95142857142858,128.8024
2023-02-07,2023,2,7,Tuesday,06,2023-06,183.96,192.09,182.79,189.95,47080700,0.029882818430076563,156.10071428571428,130.37619999999998
2023-02-08,2023,2,8,Wednesday,06,2023-06,188.35,189.17,181.33,181.83,36139100,-0.04274088620898153,159.44857142857146,131.804
2023-02-09,2023,2,9,Thursday,06,2023-06,184.51,185.03,175.73,176.37,37118800,-0.030038716512004515,162.17785714285716,133.1748
2023-02-10,2023,2,10,Friday,06,2023-06,174.81,177.33,171.84,172.63,33433600,-0.021189305577869244,164.36428571428573,134.4572
2023-02-13,2023,2,13,Monday,07,2023-07,176.67,179.42,174.29,177.87,31463200,0.03031879552484007,166.93428571428572,135.6732
2023-02-14,2023,2,14,Tuesday,07,2023-07,175.62,179.93,174.35,177.92,24034600,0.00027863660228066855,169.62357142857144,136.8438
2023-02-15,2023,2,15,Wednesday,07,2023-07,174.88,176.64,173.8,175.62,25308900,-0.012926234698981354,171.73785714285714,137.908
2023-02-16,2023,2,16,Thursday,07,2023-07,171.25,174.32,170.29,170.94,25827500,-0.026642395255032314,173.20357142857142,138.89960000000002
2023-02-17,2023,2,17,Friday,07,2023-07,168.74,171.67,168.22,171.38,24171300,0.002551359932330355,175.03214285714287,140.0646
2023-02-21,2023,2,21,Tuesday,08,2023-08,172.79,176.62,170.38,170.58,34592600,-0.00462736288573784,176.66857142857143,141.2174
2023-02-22,2023,2,22,Wednesday,08,2023-08,169.58,171.26,168.21,169.63,22433200,-0.005578810912775678,177.94285714285712,142.3234
2023-02-23,2023,2,23,Thursday,08,2023-08,170.5,172.18,167.91,170.54,20017800,0.005376230435525375,176.75785714285715,143.43640000000002
2023-02-24,2023,2,24,Friday,08,2023-08,167.17,169.23,166.2,168.91,19791300,-0.009590607716220112,175.615,144.5404
2023-02-27,2023,2,27,Monday,09,2023-09,170.38,171.61,167.59,168.06,19277000,-0.004988584370728355,174.445,145.5196
2023-02-28,2023,2,28,Tuesday,09,2023-09,170.4,176.0,170.37,173.42,46051100,0.031850823823533325,173.26428571428573,146.5774
2023-03-01,2023,3,1,Wednesday,09,2023-09,173.07,176.3,171.54,171.91,30998400,-0.008688643663718576,172.55571428571426,147.71280000000002
2023-03-02,2023,3,2,Thursday,09,2023-09,170.88,173.49,169.94,173.01,17352000,0.006400582692588586,172.31571428571428,148.80519999999999
2023-03-03,2023,3,3,Friday,09,2023-09,177.36,185.0,175.51,183.64,45877700,0.061422001231387524,173.10214285714284,150.2084
2023-03-06,2023,3,6,Monday,10,2023-10,186.36,188.01,183.03,183.29,33209400,-0.0018893451007065964,173.4892857142857,151.55280000000002
2023-03-07,2023,3,7,Tuesday,10,2023-10,187.35,188.7,182.41,182.9,36701500,-0.002109203038264673,173.845,152.8364
2023-03-08,2023,3,8,Wednesday,10,2023-10,181.28,183.65,179.76,183.36,19432400,0.002493162469599852,174.39785714285713,154.1816
2023-03-09,2023,3,9,Thursday,10,2023-10,184.73,187.29,178.73,180.11,26582800,-0.017732534698259528,175.05285714285714,155.4436
2023-03-10,2023,3,10,Friday,10,2023-10,179.43,183.16,177.24,177.95,25665000,-0.011998644818272508,175.52214285714285,156.6854
2023-03-13,2023,3,13,Monday,11,2023-11,176.41,182.18,173.3,179.33,24728000,0.007743469448864282,176.14714285714285,157.97979999999998
2023-03-14,2023,3,14,Tuesday,11,2023-11,185.95,192.63,184.94,192.33,41642600,0.07252622048865498,177.76857142857145,159.4422
2023-03-15,2023,3,15,Wednesday,11,2023-11,191.27,196.06,189.18,196.03,42123600,0.019224875476085757,179.58928571428572,160.977
2023-03-16,2023,3,16,Thursday,11,2023-11,196.53,203.97,194.38,203.15,50447100,0.03630828815197784,182.035,162.56699999999998
2023-03-17,2023,3,17,Friday,11,2023-11,198.81,200.14,193.73,193.91,50141100,-0.045478837491218393,183.8814285714286,163.92
2023-03-20,2023,3,20,Monday,12,2023-12,196.75,197.62,191.95,196.09,25186300,0.011246781726834243,185.50071428571428,165.3252
2023-03-21,2023,3,21,Tuesday,12,2023-12,201.43,201.78,196.23,200.4,31827000,0.021990728221728872,187.53571428571428,166.7554
2023-03-22,2023,3,22,Wednesday,12,2023-12,200.74,205.56,197.93,198.07,28477800,-0.011624386755502591,189.32571428571427,168.15
2023-03-23,2023,3,23,Thursday,12,2023-12,201.07,206.07,200.39,202.5,27389700,0.02237142428376293,190.67285714285714,169.5634
2023-03-24,2023,3,24,Friday,12,2023-12,203.39,205.77,201.78,204.22,27716400,0.008468668210767527,192.16785714285714,171.01319999999998
2023-03-27,2023,3,27,Monday,13,2023-13,203.03,204.07,199.61,201.07,18527200,-0.015387554700575179,193.46571428571428,172.3242
2023-03-28,2023,3,28,Tuesday,13,2023-13,198.41,199.28,196.18,198.93,19127300,-0.010648901776749486,194.5778571428571,173.58699999999996
2023-03-29,2023,3,29,Wednesday,13,2023-13,201.79,203.93,200.78,203.56,18851100,0.02327104220237408,196.25285714285715,174.97460000000004
2023-03-30,2023,3,30,Thursday,13,2023-13,201.61,206.28,201.05,206.03,22608300,0.012125630600029247,198.25857142857143,176.458
2023-03-31,2023,3,31,Friday,13,2023-13,205.44,210.32,204.97,210.1,25440300,0.019726669960394627,200.45642857142857,177.96079999999998
2023-04-03,2023,4,3,Monday,14,2023-14,207.02,211.63,206.39,211.22,17924600,0.005331696200733482,201.8057142857143,179.42199999999997
2023-04-04,2023,4,4,Tuesday,14,2023-14,211.53,214.36,210.69,212.85,21026400,0.007744000231177051,203.00714285714284,180.8386
2023-04-05,2023,4,5,Wednesday,14,2023-14,212.29,213.32,208.11,209.64,19396600,-0.015089687767081528,203.4707142857143,182.1936
2023-04-06,2023,4,6,Thursday,14,2023-14,207.43,215.05,206.83,214.22,26104400,0.021846141707685174,204.92142857142855,183.67260000000002
2023-04-10,2023,4,10,Monday,15,2023-15,212.84,213.78,208.83,212.88,16106100,-0.006247077792476463,206.12071428571429,185.00979999999998
2023-04-11,2023,4,11,Tuesday,15,2023-15,213.6,214.14,211.55,211.99,16710100,-0.004190923295473881,206.94857142857146,186.2412
2023-04-12,2023,4,12,Wednesday,15,2023-15,212.97,214.95,210.73,212.14,18972200,0.0007015827972791655,207.95357142857142,187.5684
2023-04-13,2023,4,13,Thursday,15,2023-15,213.85,219.22,213.81,218.43,23310400,0.029672826393357887,209.09142857142857,188.9836
2023-04-14,2023,4,14,Friday,15,2023-15,215.98,220.18,215.66,219.56,21591200,0.0051735402823960275,210.18714285714285,190.33900000000003
2023-04-17,2023,4,17,Monday,16,2023-16,217.88,219.06,215.24,216.95,15481900,-0.01187403699536227,211.32142857142858,190.93539999999996
2023-04-18,2023,4,18,Tuesday,16,2023-16,218.0,218.52,214.33,215.99,12281000,-0.00443215953805054,212.54,191.55700000000002
2023-04-19,2023,4,19,Wednesday,16,2023-16,211.61,215.44,211.08,213.82,15898100,-0.010050982198723246,213.27285714285716,192.1446
2023-04-20,2023,4,20,Thursday,16,2023-16,211.62,214.86,210.92,211.22,16475400,-0.01219277048592815,213.64357142857142,192.57
2023-04-21,2023,4,21,Friday,16,2023-16,208.38,211.55,207.76,211.04,17717200,-0.0008448801491092173,213.71071428571426,193.15420000000003
2023-04-24,2023,4,24,Monday,17,2023-17,211.82,212.06,208.88,210.94,15750900,-0.0004697586964467204,213.69071428571425,193.8456
2023-04-25,2023,4,25,Tuesday,17,2023-17,208.98,209.42,205.33,205.74,19198200,-0.024625130425271702,213.18285714285713,194.50779999999997
2023-04-26,2023,4,26,Wednesday,17,2023-17,210.65,212.25,207.06,207.58,41992700,0.008913575687187203,213.03571428571428,195.10199999999998
2023-04-27,2023,4,27,Thursday,17,2023-17,237.8,239.59,234.71,236.48,71196500,0.13925492898038527,214.6257142857143,196.2732
2023-04-28,2023,4,28,Friday,17,2023-17,236.93,238.34,233.7,238.23,39554000,0.007377580707915943,216.4364285714286,197.52540000000002
2023-05-01,2023,5,1,Monday,18,2023-18,236.54,241.88,234.4,241.06,29143900,0.011900905869774103,218.51285714285714,198.9278
2023-05-02,2023,5,2,Tuesday,18,2023-18,241.06,242.79,236.91,237.16,24350100,-0.016202110706510897,220.29999999999998,200.2434
2023-05-03,2023,5,3,Wednesday,18,2023-18,237.39,239.65,230.72,234.97,34463900,-0.00923760158215492,221.48142857142858,201.5312
2023-05-04,2023,5,4,Thursday,18,2023-18,234.01,236.13,230.9,231.49,17889400,-0.014808128855989255,222.33357142857145,202.7684
2023-05-05,2023,5,5,Friday,18,2023-18,230.22,232.64,227.85,230.75,27000500,-0.003169059924216011,223.3192857142857,203.97260000000003
2023-05-08,2023,5,8,Monday,19,2023-19,229.41,233.57,228.27,231.24,16400500,0.0021050518334462254,224.40857142857143,205.21920000000003
2023-05-09,2023,5,9,Tuesday,19,2023-19,229.45,233.83,229.07,231.34,16865600,0.0004286514990727852,225.66,206.4848
2023-05-10,2023,5,10,Wednesday,19,2023-19,234.11,234.69,228.71,231.05,19119000,-0.0012425962987396844,227.07642857142858,207.63739999999999
2023-05-11,2023,5,11,Thursday,19,2023-19,231.02,236.14,230.28,233.74,20449000,0.011626875665484704,228.69785714285717,208.87399999999997
2023-05-12,2023,5,12,Friday,19,2023-19,234.68,234.9,229.44,231.77,16161400,-0.008397323056243855,230.1857142857143,210.04919999999998
2023-05-15,2023,5,15,Monday,20,2023-20,234.86,238.17,233.28,236.78,20653200,0.02159874961676045,232.40285714285713,211.112
2023-05-16,2023,5,16,Tuesday,20,2023-20,233.74,237.55,233.47,236.74,18163800,-0.00016742216077825223,234.4857142857143,212.181
2023-05-17,2023,5,17,Wednesday,20,2023-20,236.37,241.72,236.07,240.38,21193100,0.015367261527363674,234.7642857142857,213.33059999999998
2023-05-18,2023,5,18,Thursday,20,2023-20,239.2,244.94,239.09,244.7,22943300,0.017980085041500393,235.22642857142858,214.55740000000003
2023-05-19,2023,5,19,Friday,20,2023-20,245.32,246.53,241.29,243.5,21733600,-0.004901746203435198,235.4007142857143,215.8252
2023-05-22,2023,5,22,Monday,21,2023-21,243.27,251.36,242.99,246.16,27738500,0.010910303628383522,236.04357142857143,217.18939999999998
2023-05-23,2023,5,23,Tuesday,21,2023-21,244.66,249.42,244.5,244.59,17748100,-0.006362788935494024,236.7307142857143,218.4946
2023-05-24,2023,5,24,Wednesday,21,2023-21,243.14,247.42,242.82,247.04,17724300,0.0100106128741424,237.8414285714286,219.58879999999996
2023-05-25,2023,5,25,Thursday,21,2023-21,251.19,253.39,247.0,250.49,22371400,0.013964067074760944,239.25142857142856,220.67800000000003
2023-05-26,2023,5,26,Friday,21,2023-21,250.73,260.03,250.51,259.76,25727200,0.037001954114284974,241.28857142857143,221.81019999999998
2023-05-30,2023,5,30,Tuesday,22,2023-22,262.94,266.31,259.02,260.23,23816500,0.0018316965626816728,243.35214285714287,223.1366
2023-05-31,2023,5,31,Wednesday,22,2023-22,257.74,262.69,256.2,262.42,25473700,0.008380424824905086,245.59285714285716,224.4632
2023-06-01,2023,6,1,Thursday,22,2023-22,263.59,271.61,263.58,270.24,25609500,0.029804967765982182,248.2,225.86
2023-06-02,2023,6,2,Friday,22,2023-22,270.29,272.95,268.76,270.24,19416900,0.0,250.94785714285715,227.3034
2023-06-05,2023,6,5,Monday,23,2023-23,267.95,273.17,267.21,269.03,20742900,-0.0044753754408606294,253.25142857142856,228.63400000000001
2023-06-06,2023,6,6,Tuesday,23,2023-23,267.79,274.16,267.34,268.76,19419000,-0.00099506629975199,255.53857142857143,229.9248
2023-06-07,2023,6,7,Wednesday,23,2023-23,269.31,271.86,260.51,261.31,26163600,-0.027736316388358384,257.03357142857146,231.12960000000004
2023-06-08,2023,6,8,Thursday,23,2023-23,258.35,265.32,256.63,262.28,20899400,0.003717625377301248,258.2892857142857,232.3966
2023-06-09,2023,6,9,Friday,23,2023-23,260.2,265.62,259.42,262.64,16949800,0.0013984871578061053,259.6564285714286,233.5782
2023-06-12,2023,6,12,Monday,24,2023-24,264.84,269.38,263.02,268.69,15442500,0.023023001970880363,261.2657142857143,234.8314
2023-06-13,2023,6,13,Tuesday,24,2023-24,272.49,273.32,266.75,268.96,16164000,0.0009960873190359987,263.00642857142856,236.0086
2023-06-14,2023,6,14,Wednesday,24,2023-24,269.52,272.6,265.98,270.97,19175100,0.00748205621578224,264.7157142857143,237.2036
2023-06-15,2023,6,15,Thursday,24,2023-24,269.93,281.52,269.06,279.38,25973500,0.031022416534897346,266.7792857142857,238.53420000000003
2023-06-16,2023,6,16,Friday,24,2023-24,282.27,285.34,277.69,278.55,43127700,-0.00294507260984167,268.12142857142857,239.9124
2023-06-20,2023,6,20,Tuesday,25,2023-25,276.3,282.32,273.82,281.85,20701600,0.011850473703423292,269.6657142857143,241.265
2023-06-21,2023,6,21,Wednesday,25,2023-25,281.06,281.53,275.94,279.19,20556200,-0.00946066613042118,270.8635714285714,242.59120000000001
2023-06-22,2023,6,22,Thursday,25,2023-25,276.65,282.78,275.37,282.4,17563100,0.011504253948377174,271.73214285714283,243.99940000000004
2023-06-23,2023,6,23,Friday,25,2023-25,279.06,287.15,276.52,286.22,51092000,0.013514179427704942,272.87357142857144,245.481
2023-06-26,2023,6,26,Monday,26,2023-26,286.19,287.27,275.18,276.05,24232700,-0.0355350353949313,273.375,246.6334
2023-06-27,2023,6,27,Tuesday,26,2023-26,279.56,286.83,278.21,284.55,26108300,0.030811334292192738,274.5028571428571,247.9332
2023-06-28,2023,6,28,Wednesday,26,2023-26,282.34,287.03,281.59,282.81,16722100,-0.006131267620195335,276.0385714285714,249.2504
2023-06-29,2023,6,29,Thursday,26,2023-26,282.02,284.08,278.25,279.08,15395700,-0.013179664107191513,277.23857142857145,250.51219999999998
2023-06-30,2023,6,30,Friday,26,2023-26,282.28,286.53,281.94,284.48,19694900,0.019358726665054116,278.7985714285714,251.9254
2023-07-03,2023,7,3,Monday,27,2023-27,284.2,286.88,282.37,283.53,8629300,-0.0033454549667497613,279.85857142857145,253.3716
2023-07-05,2023,7,5,Wednesday,27,2023-27,285.15,295.52,283.87,291.81,33865500,0.02919377033952708,281.4907142857143,254.98699999999997
2023-07-06,2023,7,6,Thursday,27,2023-27,293.31,295.52,288.77,289.45,47600500,-0.008085069712796988,282.81071428571425,256.5572
2023-07-07,2023,7,7,Friday,27,2023-27,289.64,293.62,286.15,288.0,25586000,-0.004999980494772793,283.4264285714286,258.2024
2023-07-10,2023,7,10,Monday,28,2023-28,292.98,295.53,284.55,291.54,37058300,0.01228794854074522,284.3542857142857,259.88160000000005
2023-07-11,2023,7,11,Tuesday,28,2023-28,291.34,297.57,289.36,295.69,27585900,0.014246777355137796,285.3428571428571,261.06579999999997
2023-07-12,2023,7,12,Wednesday,28,2023-28,299.12,306.76,297.49,306.65,36677100,0.03704444499488102,287.30428571428575,262.4342
2023-07-13,2023,7,13,Thursday,28,2023-28,310.89,313.49,307.59,310.68,30281000,0.013157164049252934,289.32428571428574,263.8266
2023-07-14,2023,7,14,Friday,28,2023-28,309.08,312.14,304.68,306.18,23054100,-0.014486042815522349,290.75,265.207
2023-07-17,2023,7,17,Monday,29,2023-29,304.86,309.0,302.06,307.92,25323100,0.005665933017081848,293.02642857142854,266.666
2023-07-18,2023,7,18,Tuesday,29,2023-29,308.17,311.46,304.94,309.33,20731900,0.004603662791066387,294.7964285714285,268.2228
2023-07-19,2023,7,19,Wednesday,29,2023-29,310.31,315.91,307.82,313.26,21763700,0.012690304750024639,296.9714285714286,269.873
2023-07-20,2023,7,20,Thursday,29,2023-29,310.77,312.79,299.59,299.89,23836900,-0.0426883953957935,298.4578571428571,271.246
2023-07-21,2023,7,21,Friday,29,2023-29,301.92,302.8,288.67,291.7,42139300,-0.027304025173092494,298.97357142857146,272.4532
2023-07-24,2023,7,24,Monday,30,2023-30,293.21,294.93,285.79,289.07,24915700,-0.009005819503838275,299.3692857142857,273.6136
2023-07-25,2023,7,25,Tuesday,30,2023-30,292.62,295.7,289.32,291.91,19585600,0.009807655885681,299.37642857142856,274.777
2023-07-26,2023,7,26,Wednesday,30,2023-30,298.57,299.14,289.36,295.97,47256900,0.013923396229768459,299.84214285714285,276.06100000000004
2023-07-27,2023,7,27,Thursday,30,2023-30,322.29,322.52,307.14,309.0,64229200,0.04400974390039569,301.34214285714285,277.5054
2023-07-28,2023,7,28,Friday,30,2023-30,314.12,323.36,311.51,322.65,39220300,0.04417572871167552,303.5642857142857,279.22360000000003
2023-07-31,2023,7,31,Monday,31,2023-31,320.87,322.83,314.83,315.83,25799600,-0.021138074810408858,305.0028571428571,280.73260000000005
2023-08-01,2023,8,1,Tuesday,31,2023-31,314.78,321.32,311.92,319.9,22817900,0.012900081978903577,305.94928571428574,282.2366
2023-08-02,2023,8,2,Wednesday,31,2023-31,315.23,315.62,307.95,311.57,20461100,-0.02602926952493334,306.0128571428572,283.598
2023-08-03,2023,8,3,Thursday,31,2023-31,307.23,313.2,307.23,310.46,15180200,-0.0035635876040864822,306.31857142857143,284.884
2023-08-04,2023,8,4,Friday,31,2023-31,312.22,315.64,307.5,308.03,17612800,-0.007854601744650136,306.32642857142855,286.1528
2023-08-07,2023,8,7,Monday,32,2023-32,310.5,314.31,307.76,313.8,16236500,0.018762226472539112,306.6457142857143,287.48800000000006
2023-08-08,2023,8,8,Tuesday,32,2023-32,311.66,315.12,307.41,309.92,15183500,-0.012382887477743076,306.40714285714284,288.6766
2023-08-09,2023,8,9,Wednesday,32,2023-32,310.16,310.9,300.21,302.55,19955800,-0.02376556178091893,306.5971428571429,289.5324
2023-08-10,2023,8,10,Thursday,32,2023-32,305.26,309.62,301.22,303.08,14358900,0.0017366245513947831,307.40999999999997,290.38939999999997
2023-08-11,2023,8,11,Friday,32,2023-32,299.94,302.07,297.75,299.01,14046300,-0.01341015863317474,308.12,291.1212
2023-08-14,2023,8,14,Monday,33,2023-33,298.36,303.54,295.65,303.52,15641900,0.015084357707420226,308.94928571428574,291.7868
2023-08-15,2023,8,15,Tuesday,33,2023-33,303.47,304.56,297.42,299.32,11623600,-0.013847924193850836,309.18857142857144,292.3684
2023-08-16,2023,8,16,Wednesday,33,2023-33,297.59,298.46,291.72,291.73,18547700,-0.02536835381541802,307.955,292.82239999999996
2023-08-17,2023,8,17,Thursday,33,2023-33,290.5,293.47,282.47,282.61,23950100,-0.031261755508848466,305.09499999999997,293.0994
2023-08-18,2023,8,18,Friday,33,2023-33,276.6,283.2,271.99,280.78,35347900,-0.006453966986253223,302.59142857142854,293.48879999999997
2023-08-21,2023,8,21,Monday,34,2023-34,280.98,287.97,279.4,287.38,20181500,0.023477570660356717,300.2685714285714,293.99080000000004
2023-08-22,2023,8,22,Tuesday,34,2023-34,290.0,290.35,284.25,285.1,12980200,-0.00793394748719034,298.3778571428571,294.44
2023-08-23,2023,8,23,Wednesday,34,2023-34,285.99,294.81,285.17,291.68,18287000,0.02308778876729045,297.0364285714286,294.89979999999997
2023-08-24,2023,8,24,Thursday,34,2023-34,295.9,296.85,284.14,284.25,18360900,-0.025455325404319495,295.3378571428571,295.2056
2023-08-25,2023,8,25,Friday,34,2023-34,283.64,285.88,273.63,283.01,23701400,-0.004359364985296987,293.1385714285714,295.4464
2023-08-28,2023,8,28,Monday,35,2023-35,285.49,288.91,283.31,287.73,14239300,0.016672516464349973,291.55357142857144,295.6134
2023-08-29,2023,8,29,Tuesday,35,2023-35,286.07,296.55,285.67,295.4,20844500,0.02663133244799809,291.04285714285714,295.9504
2023-08-30,2023,8,30,Wednesday,35,2023-35,294.58,295.69,290.88,292.53,17717000,-0.009698296457422817,290.2892857142857,296.164
2023-08-31,2023,8,31,Thursday,35,2023-35,293.23,298.48,293.09,293.31,17229900,0.0026771239539060687,289.88214285714287,296.4464
2023-09-01,2023,9,1,Friday,35,2023-35,296.76,299.11,291.91,293.8,12842300,0.0016558596205600296,289.1878571428571,296.6744
2023-09-05,2023,9,5,Tuesday,36,2023-36,294.43,298.77,292.94,297.54,14956000,0.012720264391538283,289.0607142857143,296.9008
2023-09-06,2023,9,6,Wednesday,36,2023-36,299.08,300.66,293.09,296.57,15418100,-0.0032649216416754667,289.4064285714286,297.3112
2023-09-07,2023,9,7,Thursday,36,2023-36,295.41,304.38,289.68,296.07,33748700,-0.0016713545957517395,290.36785714285713,297.5416
2023-09-08,2023,9,8,Friday,36,2023-36,296.62,302.59,294.2,295.3,17548000,-0.0026117276860039285,291.405,297.7914
2023-09-11,2023,9,11,Monday,37,2023-37,298.79,306.35,298.66,304.88,19489300,0.03246162835616895,292.65500000000003,298.30740000000003
2023-09-12,2023,9,12,Tuesday,37,2023-37,303.66,305.97,297.62,299.03,13480400,-0.01918302721594367,293.65,298.59839999999997
2023-09-13,2023,9,13,Wednesday,37,2023-37,299.73,304.51,298.7,302.4,13210900,0.01127103176854849,294.4157142857143,298.9758
2023-09-14,2023,9,14,Thursday,37,2023-37,304.07,310.15,302.37,309.01,19343100,0.021831653243100657,296.1842857142857,299.3198
2023-09-15,2023,9,15,Friday,37,2023-37,308.9,309.28,296.15,297.7,28131100,-0.036603438992391935,297.23357142857145,299.4848
2023-09-18,2023,9,18,Monday,38,2023-38,295.59,300.96,295.21,299.92,14234200,0.00745912693063322,298.1042857142857,299.7232
2023-09-19,2023,9,19,Tuesday,38,2023-38,299.85,303.5,297.2,302.41,15924400,0.008329044417296538,298.605,299.94059999999996
2023-09-20,2023,9,20,Wednesday,38,2023-38,302.39,305.38,296.82,297.06,19379500,-0.017700668034846934,298.92857142857144,299.968
2023-09-21,2023,9,21,Thursday,38,2023-38,293.13,297.65,290.72,293.16,21319600,-0.013148200122702569,298.91785714285714,299.6982
2023-09-22,2023,9,22,Friday,38,2023-38,296.69,302.72,295.67,296.48,25369600,0.011328088483573362,299.10928571428576,299.4142
2023-09-25,2023,9,25,Monday,39,2023-39,293.07,298.33,291.14,298.21,18987000,0.00585129647210425,299.15714285714284,299.2548
2023-09-26,2023,9,26,Tuesday,39,2023-39,295.07,297.69,293.43,296.36,19417200,-0.006216263843682235,299.14214285714286,299.0236
2023-09-27,2023,9,27,Wednesday,39,2023-39,297.83,298.68,284.29,295.15,36429800,-0.004080612564542507,299.07642857142855,298.74
2023-09-28,2023,9,28,Thursday,39,2023-39,296.34,303.66,294.12,301.31,22167100,0.02089073832526056,299.5057142857143,298.501
2023-09-29,2023,9,29,Friday,39,2023-39,304.7,307.94,296.75,297.6,25373700,-0.012337217619196816,298.9857142857143,298.4552
2023-10-02,2023,10,2,Monday,40,2023-40,300.1,304.51,299.0,304.15,16265600,0.022017819143781647,299.3514285714286,298.70419999999996
2023-10-03,2023,10,3,Tuesday,40,2023-40,301.61,304.1,297.03,298.32,17362300,-0.019164174030691483,299.06,298.8892
2023-10-04,2023,10,4,Wednesday,40,2023-40,296.13,304.23,295.9,302.92,16880500,0.015418255695953897,298.625,299.10940000000005
2023-10-05,2023,10,5,Thursday,40,2023-40,301.98,303.54,296.89,302.14,19130000,-0.0025853108765303556,298.94214285714287,299.2328
2023-10-06,2023,10,6,Friday,40,2023-40,298.82,313.56,298.29,312.68,21803900,0.03490933765719162,299.8535714285714,299.3064
2023-10-09,2023,10,9,Monday,41,2023-41,309.78,317.54,309.11,315.59,22503700,0.009288764804020744,300.795,299.1652
2023-10-10,2023,10,10,Tuesday,41,2023-41,316.34,321.83,315.39,319.04,19038000,0.010931219150723814,302.36499999999995,299.2294
2023-10-11,2023,10,11,Wednesday,41,2023-41,320.2,325.98,320.14,324.97,22036300,0.018580674709393286,304.63714285714286,299.33079999999995
2023-10-12,2023,10,12,Thursday,41,2023-41,325.14,327.66,319.88,321.34,20530500,-0.01116467527432985,306.41285714285715,299.5262
2023-10-13,2023,10,13,Friday,41,2023-41,320.71,322.22,309.65,311.95,21341000,-0.029214095224238568,307.3942857142857,299.556
2023-10-16,2023,10,16,Monday,42,2023-42,315.87,319.02,312.77,318.35,16536100,0.020528182558474883,308.96500000000003,299.7624
2023-10-17,2023,10,17,Tuesday,42,2023-42,315.41,321.58,314.54,321.18,16387800,0.008874373492295362,310.82428571428574,299.91
2023-10-18,2023,10,18,Wednesday,42,2023-42,318.59,323.1,312.81,314.21,16851000,-0.02169755628129688,311.74571428571426,299.9958
2023-10-19,2023,10,19,Thursday,42,2023-42,317.1,319.09,309.04,310.09,18709200,-0.013124344591332382,312.6378571428572,300.1466
2023-10-20,2023,10,20,Friday,42,2023-42,311.41,312.56,303.8,305.96,22312300,-0.013298686891590972,312.76714285714286,300.20419999999996
2023-10-23,2023,10,23,Monday,43,2023-43,306.81,314.6,304.59,311.28,17796800,0.0173659939988835,313.6928571428571,300.4496
2023-10-24,2023,10,24,Tuesday,43,2023-43,314.02,315.58,307.93,309.83,19525500,-0.004649649325302763,314.18642857142856,300.57579999999996
2023-10-25,2023,10,25,Wednesday,43,2023-43,307.3,308.17,296.24,296.92,42192500,-0.04165729703758181,313.8135714285714,300.5278
2023-10-26,2023,10,26,Thursday,43,2023-43,292.43,292.43,276.97,285.84,66684100,-0.03732512823295775,311.89642857142854,300.41
2023-10-27,2023,10,27,Friday,43,2023-43,291.92,296.7,290.42,294.15,29596300,0.029062069838778015,310.36499999999995,300.64079999999996
2023-10-30,2023,10,30,Monday,44,2023-44,296.49,306.71,296.45,300.03,28435100,0.019984420986930873,309.00714285714287,301.0258
2023-10-31,2023,10,31,Tuesday,44,2023-44,300.67,301.04,294.28,298.65,19434200,-0.004592812903370214,307.1271428571428,301.2512
2023-11-01,2023,11,1,Wednesday,44,2023-44,299.22,310.02,299.22,309.14,20434600,0.035118158175129865,306.2557142857143,301.73199999999997
2023-11-02,2023,11,2,Thursday,44,2023-44,314.54,316.04,305.65,308.16,21631800,-0.0031427244078973127,305.985,302.0616
2023-11-03,2023,11,3,Friday,44,2023-44,309.83,312.8,308.31,311.86,16764300,0.011998818369462816,305.5214285714286,302.6138
2023-11-06,2023,11,6,Monday,45,2023-45,313.23,315.56,311.71,313.05,12887700,0.003814435632817581,304.9407142857143,303.2146
2023-11-07,2023,11,7,Tuesday,45,2023-45,314.3,318.21,312.38,316.04,14055600,0.00956282741346448,305.07142857142856,303.7808
2023-11-08,2023,11,8,Wednesday,45,2023-45,315.37,318.53,312.14,317.0,13609700,0.0030111576213167623,305.565,304.2128
2023-11-09,2023,11,9,Thursday,45,2023-45,316.64,321.36,316.02,317.76,16103100,0.0024078363129558245,306.40785714285715,304.7174
2023-11-10,2023,11,10,Friday,45,2023-45,317.15,326.24,316.68,325.91,19096200,0.02564359901635993,307.45285714285717,305.3694
2023-11-13,2023,11,13,Monday,46,2023-46,323.36,329.44,322.86,326.32,16908900,0.0012774179714036826,308.6307142857143,306.0198
2023-11-14,2023,11,14,Tuesday,46,2023-46,331.63,335.16,330.43,333.38,17179400,0.021628735143196964,311.235,306.7366
2023-11-15,2023,11,15,Wednesday,46,2023-46,334.99,335.45,327.15,329.81,14531200,-0.010704419415369815,314.3757142857143,307.40139999999997
2023-11-16,2023,11,16,Thursday,46,2023-46,326.5,331.67,323.54,331.28,18932600,0.004448460235571439,317.02785714285716,308.1056
2023-11-17,2023,11,17,Friday,46,2023-46,327.39,332.58,326.48,332.12,14494400,0.002543339906706521,319.32,308.842
2023-11-20,2023,11,20,Monday,47,2023-47,331.97,338.89,331.28,337.01,16960500,0.014714757484595165,322.06,309.4846
2023-11-21,2023,11,21,Tuesday,47,2023-47,335.38,336.94,332.98,334.05,12027900,-0.008794855023846915,323.8392857142857,310.185
2023-11-22,2023,11,22,Wednesday,47,2023-47,336.26,339.93,335.63,338.52,10702700,0.013383381274576278,326.0078571428571,310.9074
2023-11-24,2023,11,24,Friday,47,2023-47,337.17,338.88,333.84,335.29,5467500,-0.009546241602346406,327.68142857142857,311.43300000000005
2023-11-27,2023,11,27,Monday,48,2023-48,333.25,336.94,331.29,331.79,15684500,-0.010436674867231988,329.02,312.1148
2023-11-28,2023,11,28,Tuesday,48,2023-48,330.5,336.43,330.5,336.04,12637200,0.012817264054182598,330.4485714285714,312.8372
2023-11-29,2023,11,29,Wednesday,48,2023-48,336.73,336.94,327.9,329.31,16024500,-0.02002983110299339,331.32785714285717,313.3752
2023-11-30,2023,11,30,Thursday,48,2023-48,329.0,330.6,319.59,324.3,23146400,-0.015201786786134153,331.795,313.92
2023-12-01,2023,12,1,Friday,48,2023-48,322.65,324.01,317.97,321.99,15276400,-0.007122133126157726,331.515,314.49660000000006
2023-12-04,2023,12,4,Monday,49,2023-49,314.53,318.07,310.93,317.23,19037100,-0.014777490802571513,330.8657142857143,314.9116
2023-12-05,2023,12,5,Tuesday,49,2023-49,316.2,319.08,312.64,315.52,16952100,-0.005405993518695196,329.59000000000003,315.2578
2023-12-06,2023,12,6,Wednesday,49,2023-49,319.13,319.44,314.28,314.69,11294300,-0.002638860315663183,328.50999999999993,315.6244
2023-12-07,2023,12,7,Thursday,49,2023-49,315.0,325.38,315.0,323.75,15905100,0.02879180344561738,327.97214285714284,316.1964
2023-12-08,2023,12,8,Friday,49,2023-49,320.28,330.27,320.19,329.85,14087400,0.01886159463398407,327.81,316.7672
2023-12-11,2023,12,11,Monday,50,2023-50,326.53,327.02,317.21,322.45,25802500,-0.02244918067822621,326.77,317.2642
2023-12-12,2023,12,12,Tuesday,50,2023-50,321.77,331.56,321.73,331.31,18485500,0.02748403131178434,326.57428571428574,317.80740000000003
2023-12-13,2023,12,13,Wednesday,50,2023-50,331.02,335.42,329.74,331.83,16353300,0.0015558584597121783,326.0964285714286,318.4776
2023-12-14,2023,12,14,Thursday,50,2023-50,330.94,331.79,325.78,330.27,19607300,-0.004690306335431327,325.73785714285714,319.02459999999996
2023-12-15,2023,12,15,Friday,50,2023-50,329.1,335.71,328.34,332.0,31776900,0.005252683399927349,325.7528571428571,319.6218
2023-12-18,2023,12,18,Monday,51,2023-51,334.54,344.53,334.09,341.62,18993900,0.02896207451997057,326.15142857142865,320.20059999999995
2023-12-19,2023,12,19,Tuesday,51,2023-51,342.57,350.52,342.12,347.31,17729400,0.016655937902161133,327.4371428571429,320.835
2023-12-20,2023,12,20,Wednesday,51,2023-51,345.61,351.87,344.76,346.24,16369900,-0.00308251123661063,329.0042857142857,321.379
2023-12-21,2023,12,21,Thursday,51,2023-51,349.91,353.31,346.17,351.01,15289600,0.013771095779632203,331.07714285714286,321.8998
2023-12-22,2023,12,22,Friday,51,2023-51,352.48,354.09,348.16,350.31,11772800,-0.0019765574410163245,333.44000000000005,322.4792
2023-12-26,2023,12,26,Tuesday,52,2023-52,351.9,353.87,350.37,351.74,9898600,0.004074628964232607,336.02714285714285,323.275
2023-12-27,2023,12,27,Wednesday,52,2023-52,352.97,355.87,352.22,354.72,13207900,0.008454643928801797,338.8864285714286,324.00239999999997
2023-12-28,2023,12,28,Thursday,52,2023-52,356.57,358.75,354.7,355.2,11798800,0.0013694043224550256,341.1328571428572,324.6828
2023-12-29,2023,12,29,Friday,52,2023-52,355.86,356.87,348.76,350.88,14987100,-0.012167826724456376,342.63500000000005,325.4162
2024-01-02,2024,1,2,Tuesday,00,2024-00,348.26,350.09,337.05,343.28,19042200,-0.021669053397688876,344.1228571428572,326.08
2024-01-03,2024,1,3,Wednesday,00,2024-00,341.98,344.92,340.19,341.47,15451100,-0.0052558338466631715,344.84857142857146,326.7902
2024-01-04,2024,1,4,Thursday,00,2024-00,341.5,345.12,340.41,344.1,12099900,0.007692862478934082,345.72499999999997,327.4466
2024-01-05,2024,1,5,Friday,00,2024-00,343.97,350.42,343.25,348.89,13920700,0.013914614731117103,347.055,328.2278
2024-01-08,2024,1,8,Monday,01,2024-01,351.61,355.86,348.99,355.54,13890200,0.019065185810314356,348.7364285714286,329.40020000000004
2024-01-09,2024,1,9,Tuesday,01,2024-01,353.3,357.5,352.27,354.32,13463900,-0.0034294504767832246,349.6435714285714,330.76980000000003
2024-01-10,2024,1,10,Wednesday,01,2024-01,357.03,369.69,355.95,367.25,22117200,0.03648274994231415,351.0678571428571,332.2318
2024-01-11,2024,1,11,Thursday,01,2024-01,368.89,369.53,359.77,366.45,17205400,-0.002159319288824846,352.51142857142855,333.56019999999995
2024-01-12,2024,1,12,Friday,01,2024-01,366.94,373.78,366.32,371.23,19310000,0.013038416375885875,353.9557142857143,335.0118
2024-01-16,2024,1,16,Tuesday,02,2024-02,370.4,372.34,364.03,364.26,15306900,-0.018772138254509185,354.95214285714286,336.1142
2024-01-17,2024,1,17,Wednesday,02,2024-02,363.11,365.33,355.49,365.16,12724800,0.002476518524333393,355.9107142857143,337.25419999999997
2024-01-18,2024,1,18,Thursday,02,2024-02,368.26,373.57,367.72,372.86,16354300,0.02106568031161804,357.20642857142855,338.4742
2024-01-19,2024,1,19,Friday,02,2024-02,375.7,381.01,374.68,380.11,21670800,0.019461461599759478,358.9857142857143,339.8154
2024-01-22,2024,1,22,Monday,03,2024-03,384.57,386.95,377.84,378.46,17680500,-0.004355341181907391,360.9557142857143,341.06379999999996
2024-01-23,2024,1,23,Tuesday,03,2024-03,381.27,385.0,378.75,381.85,15506100,0.008958119830213995,363.7107142857143,342.36080000000004
2024-01-24,2024,1,24,Wednesday,03,2024-03,386.61,392.7,384.43,387.3,15698500,0.014278367261798541,366.9842857142857,343.75160000000005
2024-01-25,2024,1,25,Thursday,03,2024-03,386.77,392.05,382.3,389.76,15091100,0.006347642437627643,370.2457142857143,345.0285999999999
2024-01-26,2024,1,26,Friday,03,2024-03,390.92,393.34,388.18,390.71,13163700,0.0024417516751464863,373.23285714285714,346.3164
2024-01-29,2024,1,29,Monday,04,2024-04,391.55,399.42,389.68,397.53,18742400,0.017455384989823353,376.23214285714283,347.5994
2024-01-30,2024,1,30,Tuesday,04,2024-04,400.08,402.82,396.09,396.58,18614700,-0.002393862046512152,379.2507142857143,348.93480000000005
2024-01-31,2024,1,31,Wednesday,04,2024-04,385.61,394.54,383.73,386.74,20180800,-0.02479613772877176,380.64285714285717,350.04400000000004
2024-02-01,2024,2,1,Thursday,04,2024-04,390.51,397.01,389.63,391.34,29727100,0.011893247762277959,382.42071428571427,351.22839999999997
2024-02-02,2024,2,2,Friday,04,2024-04,455.6,481.73,449.07,470.86,84707600,0.2031761583500098,389.5371428571429,353.9054
2024-02-05,2024,2,5,Monday,05,2024-05,465.79,467.79,455.22,455.41,40832400,-0.032800548059560675,396.04785714285714,356.3326
2024-02-06,2024,2,6,Tuesday,05,2024-05,459.96,463.05,449.06,450.76,21655200,-0.010208805915150165,402.16214285714284,358.57739999999995
2024-02-07,2024,2,7,Wednesday,05,2024-05,454.01,467.42,452.21,465.5,23066000,0.032701477182037086,408.7792857142857,361.18159999999995
2024-02-08,2024,2,8,Thursday,05,2024-05,464.24,466.49,460.98,465.91,18815100,0.0008731067962757244,414.90785714285715,363.8639999999999
2024-02-09,2024,2,9,Friday,05,2024-05,468.83,469.47,463.4,464.04,18413100,-0.00402138142973818,421.0207142857143,366.42400000000004
2024-02-12,2024,2,12,Monday,06,2024-06,464.11,474.98,462.52,464.82,19382000,0.001687547380063048,426.94714285714286,369.13419999999996
2024-02-13,2024,2,13,Tuesday,06,2024-06,452.89,463.82,451.13,456.11,20916600,-0.01872444506685278,431.8621428571428,371.7704
2024-02-14,2024,2,14,Wednesday,06,2024-06,463.86,469.98,462.03,469.16,16858400,0.028601233082054867,437.53357142857146,374.7138
2024-02-15,2024,2,15,Thursday,06,2024-06,471.14,484.37,468.11,479.82,24212300,0.022713723678055908,443.8985714285714,377.9656
2024-02-16,2024,2,16,Friday,06,2024-06,473.95,474.79,465.13,469.2,23324600,-0.022126712301539952,449.01785714285717,381.0392
2024-02-20,2024,2,20,Tuesday,07,2024-07,465.63,472.03,462.5,467.64,18015500,-0.003317130344035246,454.09357142857147,384.0982
2024-02-21,2024,2,21,Wednesday,07,2024-07,462.93,465.41,458.26,464.45,12921800,-0.006832733664475454,459.64428571428573,386.9122
2024-02-22,2024,2,22,Thursday,07,2024-07,476.56,486.24,472.42,482.41,21625800,0.038672761841883174,466.1492857142857,389.9634
2024-02-23,2024,2,23,Friday,07,2024-07,484.31,490.58,478.66,480.33,18374300,-0.0043198857460534645,466.82571428571424,393.12100000000004
2024-02-26,2024,2,26,Monday,08,2024-08,479.77,482.42,476.92,478.05,12101400,-0.00473114858233592,468.4428571428571,396.05580000000003
2024-02-27,2024,2,27,Tuesday,08,2024-08,476.31,483.54,476.25,483.32,10809600,0.011022581651318308,470.7685714285714,399.08560000000006
2024-02-28,2024,2,28,Wednesday,08,2024-08,481.29,487.29,479.06,480.32,12715500,-0.006221117222411698,471.8271428571429,402.08660000000003
2024-02-29,2024,2,29,Thursday,08,2024-08,484.7,487.94,478.92,486.38,17732000,0.012623561040987274,473.28928571428565,405.17420000000004
2024-03-01,2024,3,1,Friday,08,2024-08,488.34,500.39,488.09,498.46,16273600,0.024830113120718256,475.7478571428571,408.311
2024-03-04,2024,3,4,Monday,09,2024-09,499.15,500.56,492.62,494.38,12324100,-0.008182436991984177,477.8592857142857,411.2524000000001
2024-03-05,2024,3,5,Tuesday,09,2024-09,491.21,491.79,484.16,486.47,15325300,-0.015997900214639094,480.02785714285716,414.05699999999996
2024-03-06,2024,3,6,Wednesday,09,2024-09,493.82,499.12,490.51,492.29,11757900,0.011974275229102327,481.67999999999995,416.8826
2024-03-07,2024,3,7,Thursday,09,2024-09,499.43,515.87,497.54,508.27,18586400,0.03245371499403715,483.71214285714285,420.0418
2024-03-08,2024,3,8,Friday,09,2024-09,510.25,519.56,495.53,502.08,18597100,-0.012182893873500467,486.0607142857143,423.0486
2024-03-11,2024,3,11,Monday,10,2024-10,493.21,493.51,472.36,479.89,20428300,-0.04419415264422999,486.93571428571425,425.552
2024-03-12,2024,3,12,Tuesday,10,2024-10,489.48,498.47,481.02,495.93,15448200,0.033416724960254385,489.1842857142857,428.36659999999995
2024-03-13,2024,3,13,Wednesday,10,2024-10,491.6,497.15,487.27,491.78,12090700,-0.008364184733519853,489.8535714285714,431.1846
2024-03-14,2024,3,14,Thursday,10,2024-10,496.43,497.51,484.42,488.07,12620000,-0.00754696561295265,490.4064285714286,434.0804
2024-03-15,2024,3,15,Friday,10,2024-10,485.27,488.07,477.62,480.4,29153600,-0.015716622459660323,490.57428571428574,436.8589999999999
2024-03-18,2024,3,18,Monday,11,2024-11,488.15,493.61,483.08,493.18,11755300,0.02660602474274354,491.27857142857147,439.8406
2024-03-19,2024,3,19,Tuesday,11,2024-11,484.43,492.83,477.6,492.44,10903100,-0.0014890714998125887,492.1442857142857,442.71160000000003
2024-03-20,2024,3,20,Wednesday,11,2024-11,495.68,504.31,491.38,501.65,11711100,0.018700706764891217,493.235,445.63379999999995
2024-03-21,2024,3,21,Thursday,11,2024-11,510.77,511.1,502.14,503.87,9712500,0.004431046575143149,493.6214285714286,448.62480000000005
2024-03-22,2024,3,22,Friday,11,2024-11,503.12,506.07,500.48,505.68,8120600,0.0035843505224808503,494.42857142857144,451.39340000000004
2024-03-25,2024,3,25,Monday,12,2024-12,501.92,503.34,496.41,499.17,8380600,-0.012873351204052641,495.3357142857143,454.0478
2024-03-26,2024,3,26,Tuesday,12,2024-12,501.26,506.1,491.42,492.09,11205400,-0.014174341706869598,495.32142857142856,456.465
2024-03-27,2024,3,27,Wednesday,12,2024-12,495.48,496.06,484.33,490.08,9989700,-0.004093715073561155,494.0221428571428,458.9814
2024-03-28,2024,3,28,Thursday,12,2024-12,489.07,489.12,481.44,481.86,15212800,-0.016765789994626634,492.5778571428571,461.3154
2024-04-01,2024,4,1,Monday,13,2024-13,483.47,493.62,478.09,487.59,9247000,0.01188261215690467,493.1278571428571,463.61
2024-04-02,2024,4,2,Tuesday,13,2024-13,481.39,493.72,480.94,493.56,11081000,0.012251919641407039,492.9585714285714,465.879
2024-04-03,2024,4,3,Wednesday,13,2024-13,495.11,503.36,494.93,502.86,12099200,0.01883913805936599,493.75,468.367
2024-04-04,2024,4,4,Thursday,13,2024-13,512.47,525.94,506.67,507.01,26476300,0.008248869552942573,495.1028571428572,470.87019999999995
2024-04-05,2024,4,5,Friday,13,2024-13,512.9,526.64,510.47,523.3,19263300,0.03213806247568263,498.1671428571429,473.5902
2024-04-08,2024,4,8,Monday,14,2024-14,525.23,527.42,514.92,515.28,13260600,-0.01534113056336417,499.74571428571426,476.10060000000004
2024-04-09,2024,4,9,Tuesday,14,2024-14,518.23,521.85,502.86,512.94,10863800,-0.0045255536358533854,501.21,478.54519999999997
2024-04-10,2024,4,10,Wednesday,14,2024-14,505.39,518.56,501.93,515.85,11418500,0.005668201953433094,502.2242857142857,480.9116
2024-04-11,2024,4,11,Thursday,14,2024-14,517.12,519.85,513.33,519.16,10369500,0.006405802753335577,503.3164285714286,483.3632
2024-04-12,2024,4,12,Friday,14,2024-14,513.79,516.21,505.43,507.98,11984500,-0.021522888006986207,503.4807142857143,485.788
2024-04-15,2024,4,15,Monday,15,2024-15,512.77,514.56,493.47,496.4,13512900,-0.022797426557455536,503.28285714285715,487.88919999999996
2024-04-16,2024,4,16,Tuesday,15,2024-15,494.3,500.91,493.31,495.94,9847900,-0.0009395006924529659,503.55785714285713,488.3908
2024-04-17,2024,4,17,Wednesday,15,2024-15,499.25,499.31,483.41,490.39,12193700,-0.011185476657925575,503.58,489.0904
2024-04-18,2024,4,18,Thursday,15,2024-15,495.99,508.29,495.22,497.96,14808700,0.015440009080820882,504.73,490.0344
2024-04-19,2024,4,19,Friday,15,2024-15,498.95,498.95,472.09,477.39,25215400,-0.04131122749590033,504.0014285714286,490.2722
2024-04-22,2024,4,22,Monday,16,2024-16,485.97,488.24,469.78,478.04,17271100,0.001371918545077122,502.89285714285717,490.51480000000004
2024-04-23,2024,4,23,Tuesday,16,2024-16,487.49,494.94,485.23,492.3,15079200,0.029829899649641334,502.1385714285715,491.08
2024-04-24,2024,4,24,Wednesday,16,2024-16,504.17,506.1,480.87,489.72,37772700,-0.005240770258029048,500.9035714285714,491.57800000000003
2024-04-25,2024,4,25,Thursday,16,2024-16,418.17,442.36,411.33,438.0,82890700,-0.10561295065832477,494.81071428571425,491.2158
2024-04-26,2024,4,26,Friday,16,2024-16,438.08,443.02,428.65,439.9,32691400,0.004327345110231695,489.4264285714286,490.63059999999996
2024-04-29,2024,4,29,Monday,17,2024-17,436.2,436.39,425.28,429.31,21502600,-0.02407004252714806,483.45285714285717,489.6204
2024-04-30,2024,4,30,Tuesday,17,2024-17,427.75,436.26,426.43,426.88,18429500,-0.005663226941799215,477.09785714285715,488.774
2024-05-01,2024,5,1,Wednesday,17,2024-17,425.32,446.52,423.84,435.83,20344900,0.020968577909669328,471.1457142857143,488.13779999999997
2024-05-02,2024,5,2,Thursday,17,2024-17,435.48,440.56,428.97,438.3,15221300,0.005669396845665364,466.1685714285714,487.61479999999995
2024-05-03,2024,5,3,Friday,17,2024-17,442.52,450.69,440.45,448.5,16489100,0.02327484161030169,462.7471428571429,486.93659999999994
2024-05-06,2024,5,6,Monday,18,2024-18,452.09,462.59,449.87,462.12,15094600,0.030356586723039314,460.3314285714286,486.57239999999996
2024-05-07,2024,5,7,Tuesday,18,2024-18,462.72,467.92,457.78,464.66,13406800,0.005497398864238612,458.49357142857144,486.3046
2024-05-08,2024,5,8,Wednesday,18,2024-18,459.95,471.94,459.46,468.98,11683900,0.009311460284577633,456.42357142857145,486.01779999999997
2024-05-09,2024,5,9,Thursday,18,2024-18,466.4,472.44,464.05,471.78,9437700,0.005966955490096293,456.0228571428571,485.847
2024-05-10,2024,5,10,Friday,18,2024-18,473.44,473.85,466.01,472.56,10750000,0.0016406916365219182,455.63142857142856,485.57059999999996
2024-05-13,2024,5,13,Monday,19,2024-19,469.13,469.73,459.31,464.43,14668800,-0.01719865637676632,453.6407142857143,484.89
2024-05-14,2024,5,14,Tuesday,19,2024-19,459.82,468.92,456.56,468.24,10478600,0.008204880124575764,452.1064285714286,484.3671999999999
2024-05-15,2024,5,15,Wednesday,19,2024-19,471.34,478.81,467.59,477.85,13100500,0.020536265889482097,454.95285714285717,484.19480000000004
2024-05-16,2024,5,16,Thursday,19,2024-19,471.36,474.03,469.13,469.61,16608200,-0.017257129427512785,457.07499999999993,483.74120000000005
2024-05-17,2024,5,17,Friday,19,2024-19,467.23,469.18,464.84,468.3,10807300,-0.0027892942361646966,459.86,482.9418
2024-05-20,2024,5,20,Monday,20,2024-20,466.35,469.58,463.47,465.25,11745100,-0.006505552224799982,462.6007142857143,482.20520000000005
2024-05-21,2024,5,21,Tuesday,20,2024-20,463.54,467.1,458.73,461.07,11742200,-0.008979643722674902,464.40357142857147,481.8288
2024-05-22,2024,5,22,Wednesday,20,2024-20,464.29,470.09,462.09,464.2,10078600,0.006779705665820757,466.25357142857143,481.1942000000001
2024-05-23,2024,5,23,Thursday,20,2024-20,469.26,470.73,458.01,462.22,11747900,-0.004275551275584988,467.23357142857145,480.60299999999995
2024-05-24,2024,5,24,Friday,20,2024-20,464.04,476.18,462.73,474.56,12024300,0.02670781055877347,468.1221428571429,480.33279999999996
2024-05-28,2024,5,28,Tuesday,21,2024-21,472.93,477.18,471.21,476.25,10175800,0.0035550252077409805,468.95,480.24980000000005
2024-05-29,2024,5,29,Wednesday,21,2024-21,471.03,476.18,470.07,470.73,9226200,-0.011585537148563474,469.075,479.80080000000004
2024-05-30,2024,5,30,Thursday,21,2024-21,468.06,468.12,461.15,463.48,10719600,-0.015410184491740142,468.48214285714283,479.22159999999997
2024-05-31,2024,5,31,Friday,21,2024-21,462.24,465.53,450.98,463.26,16919800,-0.00047098984379179143,467.8178571428571,478.45380000000006
2024-06-03,2024,6,3,Monday,22,2024-22,467.26,475.93,464.66,473.84,11279400,0.022834897813973853,468.49000000000007,477.8532
2024-06-04,2024,6,4,Tuesday,22,2024-22,473.35,475.22,469.61,473.34,7088700,-0.0010471676270050745,468.85428571428577,477.2064
2024-06-05,2024,6,5,Wednesday,22,2024-22,480.74,492.85,480.21,491.27,15690500,0.03788338987824025,469.8128571428571,477.04839999999996
2024-06-06,2024,6,6,Thursday,22,2024-22,489.21,498.97,487.13,489.98,10667300,-0.0026259208302760184,471.26785714285717,477.00620000000004
2024-06-07,2024,6,7,Friday,22,2024-22,492.11,495.09,486.42,489.19,9380700,-0.0016201099920900575,472.76000000000005,476.9884
2024-06-10,2024,6,10,Monday,23,2024-23,490.08,498.81,489.63,498.75,11220900,0.019555215298014517,475.15285714285716,477.32620000000003
2024-06-11,2024,6,11,Tuesday,23,2024-23,496.33,503.72,494.46,503.59,9673700,0.009689624131256958,478.19,477.6462
2024-06-12,2024,6,12,Wednesday,23,2024-23,510.06,510.08,500.61,504.95,11983200,0.0026996315670728688,481.1007142857143,477.874
2024-06-13,2024,6,13,Thursday,23,2024-23,501.84,505.46,497.52,500.24,9954600,-0.009315209138321068,483.8164285714285,477.8216
2024-06-14,2024,6,14,Friday,23,2024-23,499.3,503.77,497.41,500.8,10243300,0.001111949667424783,485.6907142857143,477.6974000000001
2024-06-17,2024,6,17,Monday,24,2024-24,498.32,507.34,492.7,503.25,11266600,0.00489922216461558,487.6192857142857,477.2964
2024-06-18,2024,6,18,Tuesday,24,2024-24,501.2,502.63,491.72,496.16,13060400,-0.01409309924294233,489.43571428571425,476.914
2024-06-20,2024,6,20,Thursday,24,2024-24,498.65,500.31,493.46,498.35,11801200,0.004424550148694584,491.9264285714286,476.6222
2024-06-21,2024,6,21,Friday,24,2024-24,500.09,500.09,489.11,491.48,22359200,-0.013793130899196204,493.9421428571428,476.13480000000004
2024-06-24,2024,6,24,Monday,25,2024-25,495.87,504.41,490.99,495.58,13525300,0.008347116972647006,495.49499999999995,475.6632
2024-06-25,2024,6,25,Tuesday,25,2024-25,493.74,507.3,492.2,507.2,12063200,0.02343116264270728,497.9135714285715,475.64759999999995
2024-06-26,2024,6,26,Wednesday,25,2024-25,503.27,510.38,501.31,509.7,8882300,0.004935265072164574,499.23,475.91360000000003
2024-06-27,2024,6,27,Thursday,25,2024-25,510.82,519.39,510.47,516.1,10121200,0.012550683911355831,501.0957142857142,476.3168
2024-06-28,2024,6,28,Friday,25,2024-25,513.7,518.4,500.48,500.86,15855100,-0.029524904416649123,501.92928571428575,476.52619999999996
2024-07-01,2024,7,1,Monday,26,2024-26,501.58,503.2,489.88,501.31,10328200,0.0009121313469140357,502.1121428571428,476.5932
2024-07-02,2024,7,2,Tuesday,26,2024-26,497.42,507.1,496.12,506.1,7739500,0.009550753998884831,502.2914285714286,477.1674
2024-07-03,2024,7,3,Wednesday,26,2024-26,502.99,507.87,502.65,506.56,6005600,0.0009027994561736641,502.4064285714286,477.7378
2024-07-05,2024,7,5,Friday,26,2024-26,508.19,537.26,508.19,536.31,21354100,0.058730185409998636,504.98285714285714,478.61800000000005
2024-07-08,2024,7,8,Monday,27,2024-27,538.73,539.19,523.14,525.79,14917500,-0.019614537594084602,506.76785714285717,479.3394
2024-07-09,2024,7,9,Tuesday,27,2024-27,530.19,533.9,524.67,526.47,8753200,0.001284803036722737,508.4264285714286,481.1088
2024-07-10,2024,7,10,Wednesday,27,2024-27,527.25,535.29,524.84,531.12,10983300,0.008848989139097041,510.92357142857145,482.9332
2024-07-11,2024,7,11,Thursday,27,2024-27,527.35,531.89,504.98,509.28,16458300,-0.041126605474223865,511.7042857142857,484.5326
2024-07-12,2024,7,12,Friday,27,2024-27,494.44,504.7,490.93,495.54,19750500,-0.026974983235088845,511.9942857142857,485.9058
2024-07-15,2024,7,15,Monday,28,2024-28,495.31,503.3,490.08,492.85,12539200,-0.005432145538908917,511.79928571428576,487.0462
2024-07-16,2024,7,16,Tuesday,28,2024-28,498.16,500.59,482.55,486.52,14075800,-0.012838580882935768,510.3221428571428,488.01060000000007
2024-07-17,2024,7,17,Wednesday,28,2024-28,475.97,475.97,456.06,458.91,28076600,-0.05675907421834325,506.6942857142857,488.21880000000004
2024-07-18,2024,7,18,Thursday,28,2024-28,471.83,476.04,461.44,472.68,19267200,0.03000071221741485,503.59285714285716,488.43
2024-07-19,2024,7,19,Friday,28,2024-28,472.89,483.46,472.54,473.61,15149400,0.0019754427104181627,501.6464285714286,488.60900000000004
2024-07-22,2024,7,22,Monday,29,2024-29,483.34,488.78,480.67,484.15,12023100,0.022252969645428777,500.4207142857143,488.9124
2024-07-23,2024,7,23,Tuesday,29,2024-29,486.57,491.92,484.47,485.43,9455500,0.002646705781358838,498.94428571428574,489.1854
2024-07-24,2024,7,24,Wednesday,29,2024-29,469.16,473.12,457.51,458.19,17649700,-0.05610923152982383,495.4892857142857,488.898
2024-07-25,2024,7,25,Thursday,29,2024-29,460.17,460.46,439.7,450.39,18240500,-0.017039840129030592,489.3521428571429,488.6172
2024-07-26,2024,7,26,Friday,29,2024-29,461.1,466.64,456.36,462.59,14222400,0.027105751554890922,484.8378571428571,488.5042000000001
2024-07-29,2024,7,29,Monday,30,2024-30,466.75,470.8,461.92,462.6,11339600,2.1308452449630977e-05,480.2757142857143,488.19919999999996
2024-07-30,2024,7,30,Tuesday,30,2024-30,463.89,469.58,453.65,460.1,11390400,-0.005410978184237969,475.20285714285717,488.00899999999996
2024-07-31,2024,7,31,Wednesday,30,2024-30,467.88,473.32,463.64,471.66,24285800,0.025129996118489206,472.5157142857143,488.0762
2024-08-01,2024,8,1,Thursday,30,2024-30,517.53,523.65,488.82,494.42,43083100,0.04824884430951637,472.4357142857143,488.6596
2024-08-02,2024,8,2,Friday,30,2024-30,485.74,497.81,472.97,484.89,24044700,-0.019287165854750876,471.8671428571428,489.13599999999997
2024-08-05,2024,8,5,Monday,31,2024-31,448.34,480.26,447.79,472.56,21396200,-0.025423015696740214,470.87,489.3032
2024-08-06,2024,8,6,Tuesday,31,2024-31,475.81,499.21,475.46,490.8,20955000,0.03859333045480673,473.14785714285716,489.87480000000005
2024-08-07,2024,8,7,Wednesday,31,2024-31,499.78,506.75,483.61,485.66,20105300,-0.010463685636637354,474.075,490.09680000000003
2024-08-08,2024,8,8,Thursday,31,2024-31,494.18,506.56,491.42,506.23,16156800,0.04235878342365784,476.40500000000003,490.6964
2024-08-09,2024,8,9,Friday,31,2024-31,504.32,514.88,502.33,514.32,13696600,0.015972072684903083,478.56,491.5682
2024-08-12,2024,8,12,Monday,32,2024-32,513.41,514.57,505.71,512.51,9767400,-0.0035149507937743962,480.4942857142857,492.5488
2024-08-13,2024,8,13,Tuesday,32,2024-32,516.54,527.96,514.69,525.02,13743800,0.024401577857311896,485.26785714285717,493.784
2024-08-14,2024,8,14,Wednesday,32,2024-32,524.54,530.44,519.64,523.25,11444200,-0.003367645308175349,490.47214285714284,494.7722
2024-08-15,2024,8,15,Thursday,32,2024-32,528.24,536.17,523.19,533.75,13482100,0.02006605008720519,495.555,495.98040000000003
2024-08-16,2024,8,16,Friday,32,2024-32,528.35,530.1,521.16,523.9,14776700,-0.018443181589477442,499.9335714285715,496.633
2024-08-19,2024,8,19,Monday,33,2024-33,523.36,528.11,519.27,525.75,9879700,0.0035269468807361815,504.6228571428572,497.34839999999997
2024-08-20,2024,8,20,Tuesday,33,2024-33,524.83,527.55,522.37,523.22,7944400,-0.004818141650555163,508.30571428571426,498.029
2024-08-21,2024,8,21,Wednesday,33,2024-33,523.63,535.8,523.42,531.59,13423300,0.016004388036534367,510.9607142857143,498.68580000000003
2024-08-22,2024,8,22,Thursday,33,2024-33,533.42,540.6,525.07,528.38,15708300,-0.006035642300244781,514.0671428571428,499.18160000000006
2024-08-23,2024,8,23,Friday,33,2024-33,533.34,536.27,521.56,524.48,11323900,-0.0073879866610095934,517.7757142857143,499.5722
2024-08-26,2024,8,26,Monday,34,2024-34,524.08,524.48,511.52,517.65,9584000,-0.013030501675245443,519.6935714285714,499.92040000000003
2024-08-27,2024,8,27,Tuesday,34,2024-34,515.52,520.52,511.87,515.64,6282700,-0.003876149512262339,521.835,500.2172
2024-08-28,2024,8,28,Wednesday,34,2024-34,514.22,517.62,509.03,513.33,9106100,-0.004469105514852023,522.3421428571429,500.41880000000003
2024-08-29,2024,8,29,Thursday,34,2024-34,515.59,523.68,512.24,514.76,8317400,0.00278628998841568,522.3735714285714,500.79079999999993
2024-08-30,2024,8,30,Friday,34,2024-34,517.87,520.05,511.76,517.83,9157500,0.0059627211654487144,522.7535714285715,501.1804
2024-09-03,2024,9,3,Tuesday,35,2024-35,516.17,521.99,505.23,508.35,12459100,-0.018319250276101817,521.5628571428572,501.51779999999997
2024-09-04,2024,9,4,Wednesday,35,2024-35,502.7,513.15,500.71,509.32,8335200,0.0019149895674821504,520.5678571428572,501.79259999999994
2024-09-05,2024,9,5,Thursday,35,2024-35,508.31,518.15,507.74,513.41,8640900,0.00803508519853069,519.115,501.9168
2024-09-06,2024,9,6,Friday,35,2024-35,518.4,521.08,494.93,496.93,14744500,-0.0320975405164623,517.1885714285714,501.6614
2024-09-09,2024,9,9,Monday,36,2024-36,502.78,507.92,498.73,501.42,11047800,0.009035198615927387,515.4507142857143,501.3678
2024-09-10,2024,9,10,Tuesday,36,2024-36,504.77,510.75,496.7,501.42,9899000,0.0,513.8935714285715,501.379
2024-09-11,2024,9,11,Wednesday,36,2024-36,503.63,509.7,492.3,508.42,10782500,0.013946363576442522,512.2385714285714,501.5212
2024-09-12,2024,9,12,Thursday,36,2024-36,513.6,523.2,511.78,522.1,11970500,0.026903366430747644,511.79,501.8412
2024-09-13,2024,9,13,Friday,36,2024-36,516.87,524.06,513.66,521.12,10321400,-0.001864389184578763,511.55,502.1324000000001
2024-09-16,2024,9,16,Monday,37,2024-37,521.54,531.04,514.44,530.23,9527600,0.0174769209867347,512.4485714285714,502.0108
2024-09-17,2024,9,17,Tuesday,37,2024-37,534.52,539.0,527.53,533.25,11690800,0.005700519115364067,513.7064285714285,502.16
2024-09-18,2024,9,18,Wednesday,37,2024-37,534.0,541.09,530.85,534.87,10323500,0.003039327552498916,515.245,502.32800000000003
2024-09-19,2024,9,19,Thursday,37,2024-37,546.85,558.85,543.39,555.9,15647000,0.03931587845066198,518.1835714285714,502.8236
2024-09-20,2024,9,20,Friday,37,2024-37,556.8,561.27,553.12,558.14,22066800,0.004024421013244073,521.0628571428572,503.80080000000004
2024-09-23,2024,9,23,Monday,38,2024-38,566.24,570.7,559.19,561.18,12830700,0.005450898174518937,524.8364285714285,505.1136
2024-09-24,2024,9,24,Tuesday,38,2024-38,563.44,564.5,551.02,560.11,12993000,-0.0019133398024926418,528.4642857142857,506.4588
2024-09-25,2024,9,25,Wednesday,38,2024-38,560.82,573.58,560.5,565.06,16543400,0.008840116633223705,532.1535714285714,508.0296
2024-09-26,2024,9,26,Thursday,38,2024-38,572.44,574.1,559.13,564.59,14400800,-0.0008269670766433146,536.9864285714286,510.1432
2024-09-27,2024,9,27,Friday,38,2024-38,566.84,567.57,561.28,564.11,9398400,-0.0008451645195221014,541.4642857142857,511.97180000000003
2024-09-30,2024,9,30,Monday,39,2024-39,564.45,571.39,561.57,569.17,12792300,0.008953684584999788,546.3035714285714,513.8829999999999
2024-10-01,2024,10,1,Tuesday,39,2024-39,574.67,579.7,566.84,573.17,15259300,0.007040058954193684,550.9285714285714,515.6634
2024-10-02,2024,10,2,Wednesday,39,2024-39,571.57,572.71,566.08,569.53,6524700,-0.0063489419920824686,554.3164285714286,517.3454
2024-10-03,2024,10,3,Thursday,39,2024-39,566.89,580.02,565.48,579.44,11581000,0.017387946760310635,558.4821428571429,519.7703999999999
2024-10-04,2024,10,4,Friday,39,2024-39,580.39,593.44,578.1,592.53,14169500,0.02259886648580589,562.9321428571428,522.6132
2024-10-07,2024,10,7,Monday,40,2024-40,594.8,599.5,580.7,581.43,12014200,-0.018726668147915126,566.3735714285714,524.99
2024-10-08,2024,10,8,Tuesday,40,2024-40,586.32,590.16,582.62,589.5,7857400,0.01386844824625233,570.2757142857142,527.528
2024-10-09,2024,10,9,Wednesday,40,2024-40,590.59,590.99,578.28,587.13,9529700,-0.00401414652742671,572.5064285714286,530.0686000000001
2024-10-10,2024,10,10,Thursday,40,2024-40,584.21,586.85,579.19,580.49,7740400,-0.01131235360575289,574.1028571428571,532.2452000000001
2024-10-11,2024,10,11,Friday,40,2024-40,581.48,587.83,579.38,586.58,8587100,0.010482451860799324,575.9171428571428,534.0884
2024-10-14,2024,10,14,Monday,41,2024-41,590.82,596.67,586.59,587.04,8252000,0.0007966329977540099,577.8407142857143,536.1314
2024-10-15,2024,10,15,Tuesday,41,2024-41,586.78,587.23,576.82,582.92,9564200,-0.0070289321055376774,579.1164285714286,538.3386
2024-10-16,2024,10,16,Wednesday,41,2024-41,578.07,578.75,570.75,573.49,11268400,-0.016169940439761277,579.7521428571429,539.9924
2024-10-17,2024,10,17,Thursday,41,2024-41,579.99,581.62,571.91,573.63,8701200,0.00024276112092835866,580.4321428571428,541.7518
2024-10-18,2024,10,18,Friday,41,2024-41,577.78,580.63,571.96,573.17,7694300,-0.0007972676903145182,580.7178571428572,543.0906
2024-10-21,2024,10,21,Monday,42,2024-42,572.73,573.94,565.85,571.87,8171900,-0.0022724233019865148,580.625,544.2416000000001
2024-10-22,2024,10,22,Tuesday,42,2024-42,571.0,580.19,568.85,578.68,8544500,0.011909579961227434,581.2785714285715,545.565
2024-10-23,2024,10,23,Wednesday,42,2024-42,576.65,581.65,559.28,560.47,14248400,-0.031477033843003266,579.9235714285713,546.2739999999999
2024-10-24,2024,10,24,Thursday,42,2024-42,563.89,565.63,558.31,564.53,7184700,0.007255735970359778,577.9235714285714,547.0996
2024-10-25,2024,10,25,Friday,42,2024-42,570.65,577.96,568.45,569.97,11337900,0.009634033649923213,577.1049999999999,547.824
2024-10-28,2024,10,28,Monday,43,2024-43,578.67,580.41,570.84,574.85,10925100,0.00856517084670072,576.0585714285714,548.8430000000001
2024-10-29,2024,10,29,Tuesday,43,2024-43,576.83,590.27,572.11,589.89,13019100,0.026151933038208508,576.2557142857142,550.1258
2024-10-30,2024,10,30,Wednesday,43,2024-43,597.54,597.76,586.01,588.41,26864900,-0.0024945432835696835,576.8214285714286,551.4295999999999
2024-10-31,2024,10,31,Thursday,43,2024-43,581.65,586.53,559.79,564.33,26838400,-0.04092603914326365,575.2321428571429,552.0844
2024-11-01,2024,11,1,Friday,43,2024-43,564.36,570.39,559.34,563.92,15303200,-0.0007399928726204985,573.5807142857143,552.7952
2024-11-04,2024,11,4,Monday,44,2024-44,560.87,565.44,554.7,557.47,12064600,-0.011425240278019944,571.7628571428571,553.455
2024-11-05,2024,11,5,Tuesday,44,2024-44,564.05,570.2,563.43,569.16,9775400,0.020956502193596016,571.4535714285714,554.4852000000001
2024-11-06,2024,11,6,Wednesday,44,2024-44,559.53,569.72,551.99,568.78,18305400,-0.0006638039807219664,571.1071428571429,555.548
2024-11-07,2024,11,7,Thursday,44,2024-44,573.59,591.4,571.92,588.32,14653700,0.03435026116950879,572.1892857142857,557.0477999999999
2024-11-08,2024,11,8,Friday,44,2024-44,588.16,589.71,581.18,585.97,9415700,-0.003988605821148461,573.1964285714286,558.4720000000001
2024-11-11,2024,11,11,Monday,45,2024-45,583.01,583.64,573.21,579.83,10209100,-0.010469338559166319,573.2785714285714,559.712
2024-11-12,2024,11,12,Tuesday,45,2024-45,585.17,596.23,577.06,581.47,16287700,0.002829473684210493,574.7785714285715,561.1744
2024-11-13,2024,11,13,Wednesday,45,2024-45,579.28,582.29,571.88,576.68,10757600,-0.00824194279764201,575.6464285714285,562.5216
2024-11-14,2024,11,14,Thursday,45,2024-45,573.7,577.44,569.73,573.86,11053700,-0.004896405302084128,575.9242857142857,563.7306000000001
2024-11-15,2024,11,15,Friday,45,2024-45,567.95,569.29,548.35,550.91,17712900,-0.03998884504169653,574.2142857142857,564.8102
2024-11-18,2024,11,18,Monday,46,2024-46,553.85,556.7,546.94,551.23,14327300,0.0005774353935987797,571.4528571428572,565.8063999999999
2024-11-19,2024,11,19,Tuesday,46,2024-46,548.7,558.22,547.45,557.88,9522400,0.012067104180668808,569.2721428571429,566.9356
2024-11-20,2024,11,20,Wednesday,46,2024-46,559.71,563.11,551.03,562.28,9797300,0.007895244713747251,569.1257142857143,568.0128
2024-11-21,2024,11,21,Thursday,46,2024-46,566.26,566.74,545.91,559.87,11154700,-0.004296889967812079,568.8364285714285,568.7682
2024-11-22,2024,11,22,Friday,46,2024-46,560.33,560.6,551.42,555.94,9164000,-0.0070150177283238024,568.7271428571428,569.4646
2024-11-25,2024,11,25,Monday,47,2024-47,558.88,569.31,553.21,561.88,13599800,0.010677118099226446,568.2071428571428,570.0975999999999
2024-11-26,2024,11,26,Tuesday,47,2024-47,562.76,574.2,561.97,570.26,10356600,0.014917448212251383,568.3128571428572,570.8378
2024-11-27,2024,11,27,Wednesday,47,2024-47,571.6,571.69,560.87,565.94,7200200,-0.007567062151802806,566.7142857142857,571.4592
2024-11-29,2024,11,29,Friday,47,2024-47,565.75,575.15,563.66,571.03,7130500,0.008995382437213761,565.6471428571429,571.7617999999999
2024-12-02,2024,12,2,Monday,48,2024-48,574.2,591.1,572.28,589.44,12522400,0.03222930550384984,566.3335714285714,572.3878
2024-12-03,2024,12,3,Tuesday,48,2024-48,591.6,610.69,587.87,610.14,14907200,0.03511962113889244,568.3814285714286,573.367
2024-12-04,2024,12,4,Wednesday,48,2024-48,609.45,614.25,601.64,610.27,14697000,0.00021187356250096379,570.7807142857142,574.3702000000001
2024-12-05,2024,12,5,Thursday,48,2024-48,613.55,616.35,603.58,605.45,8081200,-0.0079018699131862,573.0371428571428,575.178
2024-12-06,2024,12,6,Friday,48,2024-48,606.61,626.19,605.05,620.2,16935500,0.024370647396608547,577.9864285714286,576.2901999999999
2024-12-09,2024,12,9,Monday,49,2024-49,620.35,622.82,602.7,610.06,11426000,-0.01635229682250039,582.1885714285714,577.2092
2024-12-10,2024,12,10,Tuesday,49,2024-49,614.03,622.01,609.23,615.78,10938900,0.009371475816850161,586.3242857142858,578.1414
2024-12-11,2024,12,11,Wednesday,49,2024-49,619.8,634.75,617.97,629.06,10837200,0.021572037529584476,591.0942857142857,579.2592
2024-12-12,2024,12,12,Thursday,49,2024-49,627.89,633.02,623.62,627.18,7474700,-0.0029872317865989872,595.9021428571428,580.4122
2024-12-13,2024,12,13,Friday,49,2024-49,623.63,627.47,613.36,616.8,8453300,-0.01655072372375177,600.2492857142857,581.1594
2024-12-16,2024,12,16,Monday,50,2024-50,626.88,628.05,615.54,621.17,10885600,0.007082259637730237,604.4842857142858,581.7322
2024-12-17,2024,12,17,Tuesday,50,2024-50,623.09,629.26,613.51,616.39,12897800,-0.007689311566078216,607.7792857142857,582.4313999999999
2024-12-18,2024,12,18,Wednesday,50,2024-50,617.95,624.27,593.39,594.25,17075500,-0.03591953966080563,609.8014285714286,582.5264
2024-12-19,2024,12,19,Thursday,50,2024-50,607.39,608.51,592.07,592.64,14958100,-0.00271264966126028,611.345,582.6366
2024-12-20,2024,12,20,Friday,50,2024-50,587.68,600.14,577.15,582.37,48989400,-0.01732801391085692,610.84,582.6741999999999
2024-12-23,2024,12,23,Monday,51,2024-51,586.7,598.13,583.37,596.9,10205800,0.024946617822174888,609.8942857142857,582.8806
2024-12-24,2024,12,24,Tuesday,51,2024-51,599.76,605.0,596.33,604.76,4726100,0.01317006291870304,609.5007142857143,583.235
2024-12-26,2024,12,26,Thursday,51,2024-51,602.5,603.32,595.99,600.38,6081400,-0.00724001710871236,609.1385714285714,583.5842
2024-12-27,2024,12,27,Friday,51,2024-51,596.46,598.89,586.9,596.86,8084200,-0.005867130780604968,607.4714285714284,584.0516
2024-12-30,2024,12,30,Monday,52,2024-52,585.85,594.0,582.7,588.33,7025900,-0.014287829616097869,605.9192857142858,584.3456
2024-12-31,2024,12,31,Tuesday,52,2024-52,589.36,591.05,580.98,582.63,6019500,-0.009691539740925403,603.5514285714286,584.5348
2025-01-02,2025,1,2,Thursday,00,2025-00,586.82,601.93,584.93,596.29,12682300,0.023449443227098632,601.2107142857143,585.0232
2025-01-03,2025,1,3,Friday,00,2025-00,601.79,606.5,593.48,601.66,11436800,0.008994891018180073,599.3878571428571,585.4828
2025-01-06,2025,1,6,Monday,01,2025-01,608.82,627.89,602.64,627.1,14560800,0.04229029288663888,600.1235714285714,586.8154
2025-01-07,2025,1,7,Tuesday,01,2025-01,628.59,628.99,605.24,614.85,12071500,-0.019533380596378658,599.6721428571428,587.8218
2025-01-08,2025,1,8,Wednesday,01,2025-01,610.38,613.41,599.83,607.72,10085800,-0.011604057211051622,599.0528571428571,588.5768
2025-01-10,2025,1,10,Friday,01,2025-01,607.03,626.81,594.4,612.83,19256600,0.008416239639515544,600.38,589.3364
2025-01-13,2025,1,13,Monday,02,2025-02,604.11,605.97,595.51,605.34,10785000,-0.012226634189259844,601.2871428571428,589.6454
2025-01-14,2025,1,14,Tuesday,02,2025-02,602.09,602.51,585.66,591.33,13598000,-0.023145421118148657,601.9271428571428,589.7038
2025-01-15,2025,1,15,Wednesday,02,2025-02,607.21,619.4,603.52,614.08,15524300,0.03848557616631609,603.1542857142857,590.6988
2025-01-16,2025,1,16,Thursday,02,2025-02,608.49,613.22,606.71,608.29,8355300,-0.009431015195556336,603.4064285714286,591.5862000000001
2025-01-17,2025,1,17,Friday,02,2025-02,620.98,621.9,600.7,609.76,17280600,0.0024048094985911206,604.0764285714286,592.632
2025-01-21,2025,1,21,Tuesday,03,2025-03,614.79,618.44,606.01,613.43,11674000,0.006021874338417055,605.26,593.5174
2025-01-22,2025,1,22,Wednesday,03,2025-03,620.23,630.58,616.38,620.43,12274000,0.011419937803501368,607.5528571428571,594.5504
2025-01-23,2025,1,23,Thursday,03,2025-03,624.27,633.47,618.09,633.32,9910200,0.020769824046401597,611.1735714285714,595.4504000000001
2025-01-24,2025,1,24,Friday,03,2025-03,633.27,648.79,631.08,644.31,19065300,0.017346245182174203,614.6035714285715,596.6172
2025-01-27,2025,1,27,Monday,04,2025-04,623.53,660.6,622.03,656.63,28399200,0.019135494362181316,618.53,598.1532
2025-01-28,2025,1,28,Tuesday,04,2025-04,662.72,679.22,656.23,671.01,20950100,0.02189779257854796,621.6664285714286,599.944
2025-01-29,2025,1,29,Wednesday,04,2025-04,671.68,677.7,662.4,673.16,21377800,0.0032032361271479015,625.8314285714285,601.8736
2025-01-30,2025,1,30,Thursday,04,2025-04,693.39,707.29,672.77,683.62,29322900,0.015536084637202352,631.2528571428572,604.0688
2025-01-31,2025,1,31,Friday,04,2025-04,687.6,701.83,682.21,685.79,19303900,0.003173176927670829,636.4642857142857,606.7664
2025-02-03,2025,2,3,Monday,05,2025-05,672.59,700.54,671.93,694.03,21415700,0.01201434177395,642.7992857142857,609.6224
2025-02-04,2025,2,4,Tuesday,05,2025-05,699.04,704.23,688.21,700.73,13826300,0.009649299387625376,650.6135714285714,612.4793999999999
2025-02-05,2025,2,5,Wednesday,05,2025-05,700.09,714.61,695.57,701.4,17778200,0.0009656203108816541,656.8507142857143,615.2618
2025-02-06,2025,2,6,Thursday,05,2025-05,702.41,715.36,700.04,708.49,13080700,0.010101212265557713,664.007857142857,618.2342
2025-02-07,2025,2,7,Friday,05,2025-05,713.27,721.44,708.25,711.01,16427100,0.0035534512361010684,671.2399999999999,621.3356
2025-02-10,2025,2,10,Monday,06,2025-06,715.03,717.65,707.83,713.87,12904300,0.004030605578894564,678.4142857142858,624.3754
2025-02-11,2025,2,11,Tuesday,06,2025-06,709.81,720.1,706.55,716.26,12998000,0.003345396928592592,685.2592857142857,627.2954
2025-02-12,2025,2,12,Wednesday,06,2025-06,711.78,723.52,709.1,721.81,12016500,0.007752233259955776,691.58,630.4128
2025-02-13,2025,2,13,Thursday,06,2025-06,717.97,725.41,714.51,724.98,12569100,0.004383751193222096,697.3421428571428,633.4918
2025-02-14,2025,2,14,Friday,06,2025-06,722.57,737.27,722.05,733.05,16901200,0.011131657003997875,702.8007142857142,636.3639999999999
2025-02-18,2025,2,18,Tuesday,07,2025-07,732.38,733.38,702.97,712.85,21938700,-0.027556572983815975,705.7892857142857,638.4182
2025-02-19,2025,2,19,Wednesday,07,2025-07,700.64,703.52,691.97,700.31,17535500,-0.017588503123951882,707.7285714285715,640.2189999999999
2025-02-20,2025,2,20,Thursday,07,2025-07,693.85,702.16,690.23,691.42,12587400,-0.012688759559122964,708.2857142857141,641.9384
2025-02-21,2025,2,21,Friday,07,2025-07,693.15,700.41,679.0,680.19,15660400,-0.016248381151326985,707.8857142857142,643.1382
2025-02-24,2025,2,24,Monday,08,2025-08,682.9,683.89,659.19,664.84,15677000,-0.0225587280774997,705.8007142857142,644.2338
2025-02-25,2025,2,25,Tuesday,08,2025-08,662.69,664.71,638.7,654.27,20579700,-0.015910047754471246,702.4821428571429,645.0036
2025-02-26,2025,2,26,Wednesday,08,2025-08,656.41,679.65,654.76,670.39,14488700,0.024638749374154445,700.2671428571429,645.8302
2025-02-27,2025,2,27,Thursday,08,2025-08,679.09,685.26,654.34,655.0,12500000,-0.02294791549446573,696.4464285714286,646.3865999999999
2025-02-28,2025,2,28,Friday,08,2025-08,654.8,666.34,639.44,664.91,17534200,0.015131256300924045,693.1535714285714,647.3488
2025-03-03,2025,3,3,Monday,09,2025-09,670.37,677.9,647.64,651.83,10843800,-0.019679743137998806,688.7221428571428,647.962
2025-03-04,2025,3,4,Tuesday,09,2025-09,642.34,646.55,620.58,636.85,21495200,-0.022975306176204247,683.05,648.3711999999999
2025-03-05,2025,3,5,Wednesday,09,2025-09,637.85,656.26,634.52,653.24,13770000,0.025734348061808854,678.1521428571428,649.5509999999999
2025-03-06,2025,3,6,Thursday,09,2025-09,644.81,647.36,621.04,624.84,13446500,-0.043474994730303695,670.9992857142857,650.195
2025-03-07,2025,3,7,Friday,09,2025-09,622.29,631.67,597.66,622.58,21375700,-0.0036150766346624286,663.1085714285715,650.9992
2025-03-10,2025,3,10,Monday,10,2025-10,605.08,607.11,583.98,595.05,21999900,-0.0442253461753197,654.6942857142858,650.9622
2025-03-11,2025,3,11,Tuesday,10,2025-10,592.12,611.91,590.41,602.73,17401500,0.012910082889206365,647.7242857142857,650.9216
2025-03-12,2025,3,12,Wednesday,10,2025-10,626.8,630.22,606.35,616.51,15747000,0.022865694198048514,642.3735714285715,651.2442
2025-03-13,2025,3,13,Thursday,10,2025-10,617.2,617.45,583.63,587.73,16480300,-0.0466783058416812,635.7692857142857,651.0616
2025-03-14,2025,3,14,Friday,10,2025-10,600.37,606.4,592.38,605.15,12364500,0.029629729631495128,631.5057142857142,651.398
2025-03-17,2025,3,17,Monday,11,2025-11,605.01,610.63,595.59,602.46,15473900,-0.004443573465359951,627.8050000000001,651.7946
2025-03-18,2025,3,18,Tuesday,11,2025-11,597.63,597.83,572.34,580.01,20297700,-0.03726236134357497,621.3492857142858,651.469
2025-03-19,2025,3,19,Wednesday,11,2025-11,581.92,589.93,572.45,581.7,20537500,0.002919107367694407,616.1135714285714,651.0698
2025-03-20,2025,3,20,Thursday,11,2025-11,580.41,607.74,577.17,583.64,24336500,0.0033214960792264936,610.3085714285714,650.2006
2025-03-21,2025,3,21,Friday,11,2025-11,581.07,595.13,578.61,593.85,25015900,0.017491501261045928,606.1671428571428,649.7805999999999
2025-03-24,2025,3,24,Monday,12,2025-12,612.49,620.03,609.73,616.35,15741300,0.03790346120482324,604.7028571428572,649.9532
2025-03-25,2025,3,25,Tuesday,12,2025-12,624.23,631.32,618.67,623.78,15312500,0.012054748778611568,602.5985714285715,650.1722
2025-03-26,2025,3,26,Wednesday,12,2025-12,622.37,624.22,604.16,608.52,12609800,-0.024476723609812345,601.4328571428572,650.2358
2025-03-27,2025,3,27,Thursday,12,2025-12,599.57,611.77,597.68,600.15,10436500,-0.013748250613369817,599.8307142857144,650.4122
2025-03-28,2025,3,28,Friday,12,2025-12,597.89,599.32,571.61,574.41,17602800,-0.0428823615198598,598.3564285714285,649.6188
2025-03-31,2025,3,31,Monday,13,2025-13,561.23,576.37,551.07,574.04,21124700,-0.0006587896673728721,596.3071428571428,648.9338
2025-04-01,2025,4,1,Tuesday,13,2025-13,568.54,587.53,567.7,583.64,12836600,0.016725468734815285,593.9592857142858,648.4114
2025-04-02,2025,4,2,Wednesday,13,2025-13,572.59,590.27,571.05,581.57,13470800,-0.0035324133804196522,593.5192857142857,647.7742
2025-04-03,2025,4,3,Thursday,13,2025-13,544.02,550.33,528.16,529.48,34777500,-0.0895825092724234,588.1142857142858,645.9552
2025-04-04,2025,4,4,Friday,13,2025-13,504.58,515.91,492.21,502.69,38589800,-0.050581249378957804,580.9878571428571,643.3426000000001
2025-04-07,2025,4,7,Monday,14,2025-14,483.14,537.19,479.96,514.17,36606100,0.02282378467110524,576.285,640.7398
2025-04-08,2025,4,8,Tuesday,14,2025-14,541.06,545.22,500.83,508.39,28034200,-0.011234579258973532,571.0485714285714,637.775
2025-04-09,2025,4,9,Wednesday,14,2025-14,507.22,585.52,500.08,583.41,39216600,0.14755590787832173,571.0321428571428,636.0229999999999
2025-04-10,2025,4,10,Thursday,14,2025-14,573.17,578.96,533.14,544.09,28173500,-0.0673985211979895,567.4778571428571,633.4416
2025-04-11,2025,4,11,Friday,14,2025-14,533.35,545.19,526.46,541.38,17642300,-0.004978957443285581,562.1228571428571,630.5968
2025-04-14,2025,4,14,Monday,15,2025-15,553.93,555.52,526.15,529.34,14130900,-0.022241771413805678,555.3771428571429,627.4678
2025-04-15,2025,4,15,Tuesday,15,2025-15,529.96,535.77,515.41,519.42,15558700,-0.018740064310224014,549.0128571428571,623.9756
2025-04-16,2025,4,16,Wednesday,15,2025-15,506.46,511.3,493.63,500.28,18735100,-0.03683477900378174,541.8792857142857,619.9666000000001
2025-04-17,2025,4,17,Thursday,15,2025-15,503.21,505.25,496.0,499.46,14593500,-0.0016523204680641834,536.5257142857142,615.9277999999999
2025-04-21,2025,4,21,Monday,16,2025-16,489.35,491.51,477.86,482.71,16166000,-0.033540666868627333,530.0021428571429,611.4122
2025-04-22,2025,4,22,Tuesday,16,2025-16,489.89,504.84,484.4,498.26,17399400,0.03222878662890882,523.9035714285714,607.1572
2025-04-23,2025,4,23,Wednesday,16,2025-16,526.4,533.18,514.44,518.17,18173900,0.03995771437111162,519.375,603.2432
2025-04-24,2025,4,24,Thursday,16,2025-16,516.64,531.75,515.41,531.0,13910000,0.024756275997599886,519.4835714285714,599.538
2025-04-25,2025,4,25,Friday,16,2025-16,544.59,547.64,534.09,545.06,17098900,0.026484097518362226,522.51,596.003
2025-04-28,2025,4,28,Monday,17,2025-17,553.4,556.24,538.41,547.52,15179000,0.004513281679279002,524.8921428571429,592.4538
2025-04-29,2025,4,29,Tuesday,17,2025-17,543.8,554.33,541.93,552.2,11835000,0.008549470526766578,528.0214285714285,588.8368
2025-04-30,2025,4,30,Wednesday,17,2025-17,536.23,546.89,527.36,546.79,29244000,-0.009811758370556145,525.4057142857143,585.5156
2025-05-01,2025,5,1,Thursday,17,2025-17,589.69,590.56,568.2,569.9,31159000,0.04227698760668308,527.2492857142857,582.9074
2025-05-02,2025,5,2,Friday,17,2025-17,581.11,601.9,576.0,594.61,24739300,0.0433582463754425,531.0514285714286,580.9712000000001
2025-05-05,2025,5,5,Monday,18,2025-18,588.84,600.78,585.68,596.85,13887700,0.003768684576652026,535.8735714285714,579.3044
2025-05-06,2025,5,6,Tuesday,18,2025-18,590.14,593.63,584.21,584.94,10600700,-0.019957682101590546,540.5535714285713,577.7064
2025-05-07,2025,5,7,Wednesday,18,2025-18,587.98,600.65,584.3,594.4,13139100,0.01617541824756641,547.2764285714286,576.509
2025-05-08,2025,5,8,Thursday,18,2025-18,603.84,608.83,594.21,595.6,14622800,0.0020107410662082437,554.1435714285714,575.0132
2025-05-09,2025,5,9,Friday,18,2025-18,601.29,604.52,589.32,590.1,10427300,-0.009230622609722183,561.8142857142857,573.7152000000001
2025-05-12,2025,5,12,Monday,19,2025-19,628.38,637.81,618.53,636.85,21965100,0.07922504746227443,571.7135714285715,573.154
2025-05-13,2025,5,13,Tuesday,19,2025-19,642.94,658.25,640.24,653.38,18570800,0.025960668262129838,581.3714285714286,573.185
2025-05-14,2025,5,14,Wednesday,19,2025-19,658.54,660.0,651.67,656.7,12348200,0.00507592353401165,590.35,573.582
2025-05-15,2025,5,15,Thursday,19,2025-19,651.64,654.66,636.0,641.28,14341800,-0.02347745712231697,597.222857142857,573.3428
2025-05-16,2025,5,16,Friday,19,2025-19,635.39,637.86,623.62,637.76,18519000,-0.005497877466192791,603.6685714285715,573.6012
2025-05-19,2025,5,19,Monday,20,2025-20,625.72,640.41,625.27,637.85,9592400,0.00014049168452889838,609.7864285714286,573.9066
2025-05-20,2025,5,20,Tuesday,20,2025-20,633.44,636.77,629.71,634.53,6743500,-0.0051995672928099035,616.0535714285714,574.6962
2025-05-21,2025,5,21,Wednesday,20,2025-20,629.24,644.0,627.63,632.94,11464600,-0.0025114111987835086,620.5564285714287,575.3004
2025-05-22,2025,5,22,Thursday,20,2025-20,631.49,640.66,628.17,634.0,8228400,0.0016837932512880904,623.37,575.6502
2025-05-23,2025,5,23,Friday,20,2025-20,621.48,629.9,620.14,624.53,8454100,-0.014939399753492122,625.3471428571429,576.3862
2025-05-27,2025,5,27,Tuesday,21,2025-21,632.85,640.49,630.2,639.73,9508400,0.0243357417812351,629.2607142857142,577.0778
2025-05-28,2025,5,28,Wednesday,21,2025-21,640.01,648.25,639.96,640.98,9042900,0.001961774496683555,632.5878571428573,577.8482
2025-05-29,2025,5,29,Thursday,21,2025-21,649.02,650.69,636.92,642.45,8858800,0.002284065276256575,635.9342857142857,579.097
2025-05-30,2025,5,30,Friday,21,2025-21,639.91,646.79,630.23,644.88,16241000,0.003782583036319176,639.8471428571429,580.3606000000001
2025-06-02,2025,6,2,Monday,22,2025-22,641.79,670.54,641.66,668.19,15766300,0.03615504182357787,642.0857142857143,582.0516
2025-06-03,2025,6,3,Tuesday,22,2025-22,668.74,672.86,662.35,664.16,11585000,-0.006036796424890967,642.8557142857144,583.4578
2025-06-04,2025,6,4,Wednesday,22,2025-22,666.62,686.22,665.87,685.18,14031900,0.03164147200711653,644.89,584.8344000000001
2025-06-05,2025,6,5,Thursday,22,2025-22,688.87,691.58,679.5,681.86,13083100,-0.004840674457271432,647.7885714285715,585.996
2025-06-06,2025,6,6,Friday,22,2025-22,693.36,699.98,689.08,694.9,11728000,0.019120134727657945,651.87,587.7235999999999
2025-06-09,2025,6,9,Monday,23,2025-23,695.64,702.35,691.14,691.26,12773200,-0.005231451845803647,655.6850000000001,589.5458
2025-06-10,2025,6,10,Tuesday,23,2025-23,698.52,700.39,688.77,699.57,10850100,0.012016389396955596,660.3307142857142,592.049
2025-06-11,2025,6,11,Wednesday,23,2025-23,700.87,706.01,689.2,691.34,9582500,-0.01175976564749337,664.5021428571428,594.395
2025-06-12,2025,6,12,Thursday,23,2025-23,690.5,692.58,684.23,690.56,7322700,-0.0011236063180806166,668.5421428571428,596.5333999999999
2025-06-13,2025,6,13,Friday,23,2025-23,685.18,691.77,678.26,680.12,9274400,-0.01512913778922298,672.5128571428571,598.5044
2025-06-16,2025,6,16,Monday,24,2025-24,697.05,704.84,691.24,699.83,13720300,0.028980922586516078,676.8057142857143,601.9114
2025-06-17,2025,6,17,Tuesday,24,2025-24,699.71,703.66,693.79,694.95,10066100,-0.00696479272768824,680.6607142857143,605.7565999999999
2025-06-18,2025,6,18,Wednesday,24,2025-24,695.9,699.3,692.63,693.5,10068300,-0.002093869391767922,684.3071428571429,609.3432
2025-06-20,2025,6,20,Friday,24,2025-24,698.46,699.53,676.45,680.12,22538600,-0.019287894939174044,686.8242857142857,612.7778
2025-06-23,2025,6,23,Monday,25,2025-25,681.46,696.77,676.53,696.25,11080100,0.023712068686080334,688.8285714285713,615.0346
2025-06-24,2025,6,24,Tuesday,25,2025-25,702.59,710.86,699.82,709.87,13823200,0.01956961349756936,692.0935714285714,618.3502000000001
2025-06-25,2025,6,25,Wednesday,25,2025-25,710.99,714.24,703.08,706.36,9320400,-0.004942494195251945,693.6064285714286,621.6498
2025-06-26,2025,6,26,Thursday,25,2025-25,712.03,725.84,708.73,723.72,13964800,0.024567010288790048,696.5964285714286,625.5373999999999
2025-06-27,2025,6,27,Friday,25,2025-25,724.15,733.03,723.49,731.23,18775700,0.010384319593921054,699.1914285714286,629.7736
2025-06-30,2025,6,30,Monday,26,2025-26,742.12,745.46,731.85,735.68,15402100,0.006079364782587193,702.3642857142858,634.4816
2025-07-01,2025,7,1,Tuesday,26,2025-26,734.47,735.34,713.03,716.87,13431200,-0.025566061983370303,703.6000000000001,638.8298
2025-07-02,2025,7,2,Wednesday,26,2025-26,712.99,717.95,710.47,711.24,9336700,-0.007855716439176708,705.0214285714286,643.4004
2025-07-03,2025,7,3,Thursday,26,2025-26,724.24,726.65,712.09,716.66,8601700,0.007623656797967948,706.8857142857144,647.7683999999999
2025-07-07,2025,7,7,Monday,27,2025-27,715.26,724.63,711.18,716.0,9457100,-0.0009180042269585353,709.4485714285714,651.725
2025-07-08,2025,7,8,Tuesday,27,2025-27,719.21,720.55,712.47,718.32,7770700,0.003229734011525265,710.7692857142857,655.4714
2025-07-09,2025,7,9,Wednesday,27,2025-27,720.36,735.12,720.36,730.39,11418000,0.01680371590001939,713.3007142857142,659.178
2025-07-10,2025,7,10,Thursday,27,2025-27,729.16,733.4,717.25,724.86,9913600,-0.007560263753101704,715.5407142857142,662.7248
2025-07-11,2025,7,11,Friday,27,2025-27,720.14,722.79,707.38,715.17,10873900,-0.013379223529461304,718.0442857142858,665.9842
2025-07-14,2025,7,14,Monday,28,2025-28,715.26,725.62,714.21,718.56,8939400,0.004752467744009836,719.6378571428571,669.4196000000001
2025-07-15,2025,7,15,Tuesday,28,2025-28,721.54,722.1,707.5,708.07,11529500,-0.014606343498626995,719.5092857142856,672.183
2025-07-16,2025,7,16,Wednesday,28,2025-28,711.04,711.64,696.99,700.61,13067600,-0.010529430764070757,719.0985714285714,674.303
2025-07-17,2025,7,17,Thursday,28,2025-28,702.09,703.59,694.83,699.12,11803300,-0.002134010752814608,717.3414285714287,676.3484
2025-07-18,2025,7,18,Friday,28,2025-28,699.9,702.41,689.39,701.98,12779800,0.0040918920037340545,715.2521428571429,678.6892
2025-07-21,2025,7,21,Monday,29,2025-29,704.49,714.66,703.45,710.64,9404400,0.01233868137048666,713.4635714285714,681.0140000000001
2025-07-22,2025,7,22,Tuesday,29,2025-29,713.85,714.26,699.12,702.51,8921100,-0.011445023545626265,712.4378571428571,683.1522
2025-07-23,2025,7,23,Wednesday,29,2025-29,704.06,712.3,702.63,711.25,8771600,0.012443132567029558,712.4385714285714,685.5752
2025-07-24,2025,7,24,Thursday,29,2025-29,714.71,721.26,711.67,712.46,10920800,0.0017096735272719155,712.1385714285714,687.0874
2025-07-25,2025,7,25,Friday,29,2025-29,714.58,718.3,709.57,710.35,8271700,-0.0029658978713743567,711.7349999999999,688.2268
2025-07-28,2025,7,28,Monday,30,2025-30,712.86,722.37,710.35,715.29,8715700,0.006945625877912365,711.5185714285715,689.3986
2025-07-29,2025,7,29,Tuesday,30,2025-30,717.65,722.1,697.62,697.71,13267000,-0.02456695144053711,709.1842857142857,690.5272
2025-07-30,2025,7,30,Wednesday,30,2025-30,705.78,706.19,688.94,692.94,27077300,-0.006842770931196673,706.9042857142857,691.6308
2025-07-31,2025,7,31,Thursday,30,2025-30,772.67,782.19,763.01,770.91,38831100,0.11252703223574301,710.8857142857142,694.2919999999999
2025-08-01,2025,8,1,Friday,30,2025-30,758.24,763.5,742.88,747.56,19028700,-0.03029322970388526,712.9571428571428,696.5526
2025-08-04,2025,8,4,Monday,31,2025-31,757.52,774.31,755.93,773.83,15801700,0.035146086049330005,717.6542857142857,699.3703999999999
2025-08-05,2025,8,5,Tuesday,31,2025-31,773.91,780.57,760.51,760.97,11640300,-0.0166285561901649,721.9657142857143,701.9097999999999
2025-08-06,2025,8,6,Wednesday,31,2025-31,767.48,771.11,757.98,769.47,9733900,0.011172820959432173,726.9907142857143,704.8086
2025-08-07,2025,8,7,Thursday,31,2025-31,770.96,772.47,757.07,759.34,9019700,-0.013160820229135228,731.0878571428572,707.2008000000001
2025-08-08,2025,8,8,Friday,31,2025-31,760.26,767.38,756.1,766.79,7320800,0.009805364452043275,735.0985714285715,709.717
2025-08-11,2025,8,11,Monday,32,2025-32,767.56,770.93,762.17,763.37,7612000,-0.004458635635526287,739.4457142857143,712.1354000000001
2025-08-12,2025,8,12,Tuesday,32,2025-32,770.47,791.08,769.91,787.42,14563100,0.03150662084067646,744.8864285714286,714.9861999999999
2025-08-13,2025,8,13,Wednesday,32,2025-32,788.57,792.86,775.69,777.53,8811800,-0.012556859598377712,749.5342857142858,717.1729999999999
2025-08-14,2025,8,14,Thursday,32,2025-32,775.34,785.24,769.99,779.57,8116200,0.0026278194836533153,754.4785714285715,719.4812
2025-08-15,2025,8,15,Friday,32,2025-32,781.59,793.65,778.27,782.66,13375400,0.003963576590588103,759.2907142857142,721.4308
2025-08-18,2025,8,18,Monday,33,2025-33,772.56,773.28,754.09,764.86,16513700,-0.022744904150140632,764.0871428571429,723.0908000000001
2025-08-19,2025,8,19,Tuesday,33,2025-33,764.61,764.66,746.91,749.03,12286700,-0.02070706836953029,768.0935714285714,724.1734
2025-08-20,2025,8,20,Wednesday,33,2025-33,745.13,747.75,728.61,745.28,11898200,-0.005003492903006168,766.2628571428571,725.2538000000001
2025-08-21,2025,8,21,Thursday,33,2025-33,742.28,743.06,730.72,736.69,8876300,-0.01152840346242745,765.4864285714286,725.9962
2025-08-22,2025,8,22,Friday,33,2025-33,736.81,754.43,731.99,752.32,10612700,0.021228424036576987,763.95,727.2158000000001
2025-08-25,2025,8,25,Monday,34,2025-34,752.35,756.4,747.68,750.84,6861200,-0.0019739448367968038,763.2264285714285,728.4214
2025-08-26,2025,8,26,Tuesday,34,2025-34,748.35,752.4,745.5,751.64,7601800,0.0010619629015322651,761.9528571428572,729.8517999999999
2025-08-27,2025,8,27,Wednesday,34,2025-34,749.84,751.69,740.41,744.94,8315400,-0.008911301284989182,760.9242857142857,730.7539999999999
2025-08-28,2025,8,28,Thursday,34,2025-34,741.57,750.59,738.38,748.66,7468000,0.004990794400130838,759.6292857142856,731.8282
2025-08-29,2025,8,29,Friday,34,2025-34,742.85,744.7,732.95,736.29,9070500,-0.016522196670075595,757.6949999999999,732.684
2025-09-02,2025,9,2,Tuesday,35,2025-35,723.67,733.6,719.37,732.71,9350900,-0.004859854950414522,753.7871428571428,733.7358
2025-09-03,2025,9,3,Wednesday,35,2025-35,733.6,737.83,731.59,734.64,7699300,0.0026389670643083285,750.7235714285714,734.5036
2025-09-04,2025,9,4,Thursday,35,2025-35,746.12,758.67,743.38,746.2,11439100,0.01573853992775409,748.34,735.2302000000001
2025-09-05,2025,9,5,Friday,35,2025-35,750.16,755.47,742.6,749.99,9663400,0.005075736482779147,746.0064285714286,736.1028
2025-09-08,2025,9,8,Monday,36,2025-36,753.53,764.01,749.56,749.84,13087800,-0.00019938366845928535,744.9335714285714,736.6252000000001
2025-09-09,2025,9,9,Tuesday,36,2025-36,755.02,763.8,750.97,763.2,10999000,0.01781209380194415,745.9457142857144,737.2646
2025-09-10,2025,9,10,Wednesday,36,2025-36,762.63,763.2,748.55,749.52,12478300,-0.017918313507267802,746.2485714285714,737.5414
2025-09-11,2025,9,11,Thursday,36,2025-36,752.18,754.63,745.93,748.45,7923300,-0.0014362154464860888,747.0885714285714,738.173
2025-09-12,2025,9,12,Friday,36,2025-36,746.28,755.1,741.33,753.12,8248600,0.0062459256040789946,747.1457142857143,739.0106
2025-09-15,2025,9,15,Monday,37,2025-37,755.0,771.54,749.53,762.2,10533800,0.012056751095801177,747.9571428571428,739.9214
2025-09-16,2025,9,16,Tuesday,37,2025-37,764.49,778.81,762.6,776.46,11782500,0.0187001593140248,749.7300000000001,741.1306
2025-09-17,2025,9,17,Wednesday,37,2025-37,777.44,780.73,763.81,773.19,9400900,-0.0042105292945979755,751.7478571428571,742.2280000000001
2025-09-18,2025,9,18,Thursday,37,2025-37,778.2,786.2,770.83,777.7,10955000,0.005839810411799817,753.8221428571429,743.1741999999999
2025-09-19,2025,9,19,Friday,37,2025-37,783.85,788.22,766.68,775.84,23696800,-0.002396746784514514,756.647142857143,744.1938
2025-09-22,2025,9,22,Monday,38,2025-38,779.82,783.69,762.49,763.18,11706900,-0.016320576091413352,758.8235714285714,745.1540000000001
2025-09-23,2025,9,23,Tuesday,38,2025-38,767.25,768.6,749.12,753.44,10872600,-0.01275542112595629,760.1664285714287,745.8516000000001
2025-09-24,2025,9,24,Wednesday,38,2025-38,755.53,759.14,750.58,758.69,8828200,0.006963175433525537,761.0585714285714,746.8639999999999
2025-09-25,2025,9,25,Thursday,38,2025-38,751.5,754.81,742.62,746.97,10591100,-0.015447063165851538,760.8428571428573,747.7912
2025-09-26,2025,9,26,Friday,38,2025-38,748.05,749.98,735.44,741.82,9696300,-0.006890002477465851,760.2700000000001,748.6452
2025-09-29,2025,9,29,Monday,39,2025-39,746.78,748.83,737.23,741.47,9246800,-0.0004706273413093154,758.717857142857,749.435
2025-09-30,2025,9,30,Tuesday,39,2025-39,740.32,741.04,724.42,732.47,16226800,-0.012133414881295823,757.5000000000001,749.8716000000001
2025-10-01,2025,10,1,Wednesday,39,2025-39,719.62,719.98,708.36,715.48,20419600,-0.023203234432170317,755.1450000000001,750.1309999999999
2025-10-02,2025,10,2,Thursday,39,2025-39,720.71,725.88,716.28,725.16,11415300,0.013536123242906317,753.1478571428571,750.4091999999999
2025-10-03,2025,10,3,Friday,39,2025-39,727.74,729.1,708.34,708.72,16154300,-0.022680753032108925,749.3278571428572,750.3344000000001
2025-10-06,2025,10,6,Monday,40,2025-40,703.36,715.02,688.72,713.8,21654700,0.007177468422781885,744.8521428571429,750.4033999999999
2025-10-07,2025,10,7,Tuesday,40,2025-40,715.86,716.64,703.92,711.23,12062900,-0.0036050581460025377,740.4264285714287,750.3222000000001
2025-10-08,2025,10,8,Wednesday,40,2025-40,711.6,717.78,705.97,715.98,10790600,0.006675393613687186,736.0178571428571,750.6876
2025-10-09,2025,10,9,Thursday,40,2025-40,716.42,731.61,710.59,731.61,12717200,0.021829179334053483,732.8585714285715,751.4609999999999
2025-10-10,2025,10,10,Friday,40,2025-40,729.02,733.36,702.68,703.47,16980100,-0.03845886240795182,728.5935714285714,750.1122
2025-10-13,2025,10,13,Monday,41,2025-41,711.16,718.07,705.8,713.84,9251800,0.014745447527121813,725.765,749.4378000000002
2025-10-14,2025,10,14,Tuesday,41,2025-41,705.94,713.69,697.52,706.81,8829800,-0.00985044815960856,722.0592857142857,748.0974000000001
2025-10-15,2025,10,15,Wednesday,41,2025-41,715.2,722.02,707.67,715.69,10246800,0.01255914841651018,719.8249999999999,747.1918000000001
2025-10-16,2025,10,16,Thursday,41,2025-41,715.69,723.61,702.05,710.22,9017000,-0.0076371481351064086,717.5678571428572,746.0067999999999
2025-10-17,2025,10,17,Friday,41,2025-41,705.25,716.68,704.29,715.06,12232400,0.00681110501619453,715.6814285714287,745.1212
2025-10-20,2025,10,20,Monday,42,2025-42,719.32,731.87,718.31,730.27,8900200,0.02127147797708462,715.5242857142857,744.3908
2025-10-21,2025,10,21,Tuesday,42,2025-42,734.11,736.58,726.86,731.37,7647300,0.0015025799945407314,716.6592857142857,743.7508
2025-10-22,2025,10,22,Wednesday,42,2025-42,731.93,738.68,722.15,731.51,8734500,0.00019085797796369874,717.1128571428571,742.6326000000001
2025-10-23,2025,10,23,Thursday,42,2025-42,732.79,740.48,731.2,732.1,9856000,0.0008044209191491181,718.7828571428572,741.724
2025-10-24,2025,10,24,Friday,42,2025-42,734.88,739.29,729.25,736.44,9151300,0.005940059993363667,720.3999999999999,740.8614000000001
2025-10-27,2025,10,27,Monday,43,2025-43,747.79,753.79,746.07,748.87,11321100,0.01687523086739673,723.0885714285714,740.1856
2025-10-28,2025,10,28,Tuesday,43,2025-43,750.68,756.43,743.59,749.49,12193800,0.0008257044038546546,725.4821428571429,739.8781999999999
2025-10-29,2025,10,29,Wednesday,43,2025-43,752.79,757.19,740.58,749.72,26818600,0.0003061160920236894,726.7757142857143,739.8919999999999
2025-10-30,2025,10,30,Thursday,43,2025-43,667.41,679.19,648.48,664.74,88440100,-0.11334764097342975,724.0092857142857,738.2812000000001
2025-10-31,2025,10,31,Friday,43,2025-43,672.76,673.14,643.9,646.67,56953200,-0.02718793424146171,719.2114285714287,736.4808
2025-11-03,2025,11,3,Monday,44,2025-44,654.3,657.62,634.53,636.06,33003600,-0.016410837138347456,714.1578571428572,734.1555999999999
2025-11-04,2025,11,4,Tuesday,44,2025-44,626.41,640.08,624.39,625.69,27356600,-0.016292750369489406,707.7292857142858,731.6526000000001
2025-11-05,2025,11,5,Wednesday,44,2025-44,630.67,640.56,624.91,634.3,20219900,0.013756921162278335,702.3064285714287,729.3058
2025-11-06,2025,11,6,Thursday,44,2025-44,634.2,634.35,616.4,617.33,23628800,-0.02674739636056278,695.3257142857143,726.7536
2025-11-07,2025,11,7,Friday,44,2025-44,614.89,620.52,599.64,620.1,29946800,0.004475497179419419,687.4564285714287,724.1823999999999
2025-11-10,2025,11,10,Monday,45,2025-45,629.45,633.35,616.51,630.12,19245000,0.016164987183643786,680.2242857142857,722.0590000000001
2025-11-11,2025,11,11,Tuesday,45,2025-45,626.37,627.93,617.78,625.45,13302200,-0.007407855845244615,672.6485714285715,719.9137999999999
2025-11-12,2025,11,12,Wednesday,45,2025-45,626.5,627.36,606.19,607.43,24493300,-0.02881611159562303,663.7435714285714,717.3695999999999
2025-11-13,2025,11,13,Thursday,45,2025-45,611.48,616.05,601.44,608.31,20973800,0.0014450164266244236,654.5914285714287,714.6118000000001
2025-11-14,2025,11,14,Friday,45,2025-45,600.23,612.09,593.66,607.88,20724100,-0.0007050607549257126,644.5207142857143,711.7696000000001
2025-11-17,2025,11,17,Monday,46,2025-46,607.46,610.1,593.86,600.45,16501300,-0.012224019503006667,633.875,708.7818
2025-11-18,2025,11,18,Tuesday,46,2025-46,590.07,602.09,582.27,596.14,25500600,-0.00717583145324463,622.905,705.4406
2025-11-19,2025,11,19,Wednesday,46,2025-46,592.18,593.79,579.74,588.79,24744700,-0.012330821956167193,617.4800000000001,702.2259999999999
2025-11-20,2025,11,20,Thursday,46,2025-46,601.93,605.15,581.84,587.62,20603000,-0.0019820220647155384,613.2621428571429,699.0094
2025-11-21,2025,11,21,Friday,46,2025-46,586.97,596.57,580.35,592.71,21052600,0.00865657608744197,610.1657142857142,695.8012
2025-11-24,2025,11,24,Monday,47,2025-47,597.17,615.1,596.08,611.46,23554900,0.03163649724393203,609.1492857142857,692.7864
2025-11-25,2025,11,25,Tuesday,47,2025-47,622.38,635.4,616.7,634.57,25213000,0.03779448034149202,609.1685714285715,689.9486
2025-11-26,2025,11,26,Wednesday,47,2025-47,636.04,636.7,629.99,631.97,15209500,-0.004102325074083035,610.2142857142857,687.1242
2025-11-28,2025,11,28,Friday,47,2025-47,634.43,646.37,633.85,646.27,11033200,0.022632308480398544,612.0835714285714,684.4956000000001
2025-12-01,2025,12,1,Monday,48,2025-48,637.89,643.65,636.11,639.21,13029900,-0.010926881437306246,612.7328571428571,681.763
2025-12-02,2025,12,2,Tuesday,48,2025-48,640.67,646.19,636.41,645.42,11640900,0.009721205697630353,614.1592857142857,679.4078
2025-12-03,2025,12,3,Wednesday,48,2025-48,642.74,647.17,635.9,637.94,11134300,-0.011590149701411367,616.3385714285714,677.0978
2025-12-04,2025,12,4,Thursday,48,2025-48,674.25,674.35,658.34,659.81,29874600,0.03428714558771495,620.0171428571429,675.1202000000001
2025-12-05,2025,12,5,Friday,48,2025-48,662.28,672.94,660.67,671.67,21207900,0.01797344629130926,624.5735714285714,673.6142
2025-12-08,2025,12,8,Monday,49,2025-49,667.6,674.95,663.34,665.07,13161000,-0.009830443232759278,629.1892857142857,672.0792
2025-12-09,2025,12,9,Tuesday,49,2025-49,662.05,662.76,651.65,655.26,12997100,-0.014757017177333132,633.4121428571427,670.355
2025-12-10,2025,12,10,Wednesday,49,2025-49,648.26,652.81,641.73,648.44,16910900,-0.010396330527153719,637.6728571428572,668.6744
2025-12-11,2025,12,11,Thursday,49,2025-49,641.62,653.58,639.14,651.02,13056700,0.003968430640565401,642.2014285714286,667.3852
2025-12-12,2025,12,12,Friday,49,2025-49,648.11,709.16,636.95,642.56,14016900,-0.012992089073395885,645.7621428571429,665.7331999999999
2025-12-15,2025,12,15,Monday,50,2025-50,644.55,651.84,637.56,646.36,15549100,0.005911177226745945,648.255,664.4860000000001
2025-12-16,2025,12,16,Tuesday,50,2025-50,642.35,661.36,642.05,655.98,14309100,0.014887750740940842,649.7842857142857,663.3295999999999
2025-12-17,2025,12,17,Wednesday,50,2025-50,654.44,660.05,648.04,648.34,15598500,-0.011641138735122958,650.9535714285714,662.0717999999999
2025-12-18,2025,12,18,Thursday,50,2025-50,655.86,669.37,655.29,663.27,20260300,0.023017737887457423,652.1678571428572,661.0175999999999
2025-12-19,2025,12,19,Friday,50,2025-50,665.23,669.81,657.01,657.6,49977100,-0.008548476966659946,653.4814285714286,659.5373999999999
2025-12-22,2025,12,22,Monday,51,2025-51,660.47,672.38,655.48,660.32,15659400,0.004144023952324716,654.5457142857143,658.6744
2025-12-23,2025,12,23,Tuesday,51,2025-51,658.87,664.81,657.08,663.76,8486800,0.005200339374807461,656.3900000000001,657.6727999999999
2025-12-24,2025,12,24,Wednesday,51,2025-51,661.35,666.99,661.02,666.36,5627500,0.003925249320044566,656.8578571428571,656.8638000000001
2025-12-26,2025,12,26,Friday,51,2025-51,666.87,667.76,660.14,662.11,7133800,-0.006381675935284714,656.1750000000001,655.7922
2025-12-29,2025,12,29,Monday,52,2025-52,656.84,659.07,653.22,657.52,8506500,-0.006935016176265574,655.6357142857144,654.7382
2025-12-30,2025,12,30,Tuesday,52,2025-52,657.52,671.02,656.67,664.76,9187500,0.011021872665698318,656.3142857142858,653.7322
